y_true,y_ens,y_XGBoost,y_LightGBM,y_CatBoost,y_ExtraTrees,Concrete_Class
115,159.08888370542599,152.0382537841797,154.92990319921446,159.23129530805133,144.9570333333335,15
110,168.66761815423737,166.9175262451172,169.8504743738071,168.62711489481788,163.2967975580124,15
140,167.04241235957323,166.55999755859375,166.43902225934232,167.06307360513222,172.78675000000004,15
115,157.05591253706115,152.61798095703125,149.84500743976247,157.3028279028179,132.34933333333342,15
110,166.5643777431045,166.10543823242188,166.42679615006165,166.5690888086551,162.33358333333328,15
140,165.46703000120334,165.915771484375,166.50833551749074,165.43137368774748,156.41532998657223,15
100,166.36696093310752,166.03668212890625,166.38892057982773,166.3662089971246,162.4785833333333,15
100,165.44638611196214,165.915771484375,166.50833551749074,165.41002291165503,156.41532998657223,15
130,160.82838707053898,156.5340118408203,164.6242583763201,160.69840915859106,156.1446333333333,15
145,168.24869835735183,166.74276733398438,167.93564921757226,168.2594177798973,171.81491666666665,15
140,167.5075303338168,166.6265106201172,167.1201955734093,167.52079343124143,175.67691333516444,15
140,168.24869835735183,166.74276733398438,167.93564921757226,168.2594177798973,171.81491666666665,15
35,158.71283107713137,151.17416381835938,146.63043148926474,159.12655585335904,129.54816666666673,15
68,157.79600733476175,151.1323699951172,146.79230139764647,158.17279554754865,132.02716666666674,15
52,157.75372235470346,152.50845336914062,148.83084388102426,158.0592590016798,135.9801666666668,15
18,158.4505917291059,152.07997131347656,154.93680897731866,158.57091050725376,145.77353333333352,15
27,156.1773332812297,152.9672088623047,149.06178978185352,156.42098326889982,128.87353333333346,15
40,156.1375032507622,151.59112548828125,146.8414794205621,156.45581711033793,123.12870000000011,15
28,157.68520121084046,152.90899658203125,161.10325806394798,157.56816040304116,143.2156666666667,15
30,157.8116936102086,152.27175903320312,147.50517067430965,158.16460891877145,132.1458666666667,15
20,157.49123553389822,147.09275817871094,146.45150520342455,157.8692573348571,124.17736666666676,15
28,158.54591285159447,147.7733917236328,147.02246355731154,158.9404981256833,132.87419999999997,15
43,159.2408000097379,147.815185546875,146.9935143036908,159.660170847979,130.09153333333336,15
34,158.60681054537815,153.62374877929688,148.50205941278966,158.95281679087495,136.14936666666677,15
27,158.6872290136976,152.3135528564453,147.44754502538967,159.07209756816965,129.55836666666673,15
22,160.33041406404075,153.49002075195312,161.92773084230035,160.27571893266193,150.37950000000006,15
52,158.6872290136976,152.3135528564453,147.44754502538967,159.07209756816965,129.55836666666673,15
39,159.37241641117336,147.815185546875,146.9935143036908,159.79629405034217,130.87903333333338,15
168,167.86772950934724,166.74276733398438,166.75648120794418,167.90578080870748,167.90050332845044,15
155,168.24869835735183,166.74276733398438,167.93564921757226,168.2594177798973,171.81491666666665,15
173,168.57951502319997,167.10995483398438,169.652413436128,168.5427769271662,167.12998904273616,15
152,167.14164351584313,166.6265106201172,165.9410275637812,167.18275492910456,167.95854930790492,15
146,167.74250781676585,166.9936981201172,167.3701012875229,167.7552597432383,168.656645714896,15
168,167.86772950934724,166.74276733398438,166.75648120794418,167.90578080870748,167.90050332845044,15
152,167.00360092351244,166.7793426513672,165.96585942445728,167.03913520092698,156.56451666666663,15
27,166.4296797012033,166.47804260253906,164.2747399891521,166.5034689976246,160.95167761957072,15
145,157.30584992537476,153.51113891601562,147.14178640895418,157.65388712997924,128.3673333333334,15
145,159.0513449220599,155.97894287109375,163.9995272369264,158.88190964467216,149.27163333333328,15
170,167.86772950934724,166.74276733398438,166.75648120794418,167.90578080870748,167.90050332845044,15
150,166.70410631095157,166.22860717773438,165.87956797554727,166.73234010433185,152.35525,15
155,167.7474331251481,166.30711364746094,169.6282757398414,167.6830294620636,157.6643833333332,15
155,166.95958051755636,166.53724670410156,165.78648434338334,166.9997496032155,153.94714999999997,15
170,168.67325483123142,166.86785888671875,171.20708204647542,168.58649171828984,161.19508333333323,15
170,159.0513449220599,155.97894287109375,163.9995272369264,158.88190964467216,149.27163333333328,15
155,159.0513449220599,155.97894287109375,163.9995272369264,158.88190964467216,149.27163333333328,15
160,166.8223584272283,166.63829040527344,165.8762730316214,166.85475422188443,157.88062095787404,15
150,168.01372817765827,166.6952667236328,167.93495901583745,168.01642539829632,175.8273699951172,15
155,167.67785560481028,166.6952667236328,167.2336223390959,167.69306701806426,175.66191333516446,15
155,167.5714913672703,166.8203582763672,167.43186360722703,167.57627250149582,160.6392926217941,15
160,160.82838707053898,156.5340118408203,164.6242583763201,160.69840915859106,156.1446333333333,15
160,169.21894928002538,167.1787109375,171.0569630393478,169.1560121632339,170.34165570940286,15
160,168.7095110408463,166.2259521484375,172.54437526725042,168.5781979164236,162.35987856750484,15
125,167.69924708087325,166.5503387451172,166.23061954616855,167.7495357367652,162.33600153750456,15
125,156.26817517573508,153.73367309570312,147.49379423628844,156.56862695330585,124.0135133260092,15
125,169.1607844065076,167.02940368652344,170.14160288381396,169.1271993127134,167.08241666666663,15
125,164.32745056423215,161.49465942382812,163.5707152199195,164.35336267295997,170.16303095238104,15
155,161.18923401072124,156.48789978027344,164.65271332192523,161.0706378474639,154.0493,20
155,169.28844808070448,167.1596221923828,171.10266151274053,169.22632593398794,170.6136823614211,20
170,167.9624022053275,166.15936279296875,171.42120458527165,167.84396615717353,160.64794142281664,20
155,166.8014129622525,166.43408203125,165.36760858186838,166.85050919932252,154.57307617732454,20
45,158.85506995280977,151.1594696044922,146.63043148926474,159.2736652650353,127.51250000000009,20
35,159.44141605017745,146.66110229492188,146.6893077237367,159.87807300466923,129.35500000000005,20
45,158.85506995280977,151.1594696044922,146.63043148926474,159.2736652650353,127.51250000000009,20
50,155.8633826045993,150.43704223632812,146.22134304375948,156.19354472101472,120.80633333333346,20
40,155.8633826045993,150.43704223632812,146.22134304375948,156.19354472101472,120.80633333333346,20
60,157.44016459454565,145.9386749267578,146.18497120373294,157.8255642790569,123.25066666666679,20
60,158.6601352495866,152.46966552734375,147.7060109726532,159.035225685489,132.4881666666668,20
165,166.7241171880634,166.24871826171875,165.7559795865799,166.7572680976153,151.97275,20
175,169.06545625158031,166.9175262451172,171.46638411277857,168.98324387284956,161.6026433308919,20
140,156.36328084074466,153.7527618408203,147.46421556212204,156.66800205110061,125.99833333333342,20
150,158.65584078959546,154.41781616210938,148.16090545443498,159.01520768798312,133.00688666788744,20
150,158.11760931174817,157.05978393554688,162.58126567959255,157.29332982221365,156.26728571428575,25
145,150.66666588460538,150.67445373535156,155.9642905621305,149.00282292347742,152.2238666666667,25
145,154.6278761001593,152.7236328125,159.49321315308975,153.6391039422793,153.1055,25
140,159.05747839588673,156.2511749267578,165.16696610817837,157.4588683679249,159.10022857142857,25
110,155.5136331533515,151.8250732421875,157.67391994193687,155.0046829861177,155.22046666666668,25
140,153.9797678663553,154.66473388671875,156.6509739083589,154.43341611363877,147.6883333333334,25
140,153.38533336618895,153.17620849609375,155.929376865645,153.4786281416813,149.24800000000002,25
160,158.41875461589035,156.8782196044922,163.71112238664878,157.3000291091675,156.9990952380952,25
165,159.15696451841796,159.474853515625,160.08312773387678,158.25382440630955,162.78112772793247,25
150,156.70333039621553,158.54025268554688,155.65664654033887,157.92732716648763,151.49437395319868,25
200,158.19967128988313,159.25721740722656,159.84026944271557,157.43382047620733,160.05377777777778,25
200,159.27529726724524,159.13462829589844,164.30065043367608,157.91180809911387,159.5762777777778,25
180,155.66602924057688,157.7879180908203,153.37785098011204,157.52891561714958,148.72911111111117,25
140,157.93260672656805,158.84432983398438,159.7886614012544,157.18166675306244,159.39794444444445,25
170,158.39636000704184,159.59666442871094,158.55536019274712,157.8012159909185,161.42793774074988,25
180,156.98422541439754,158.37338256835938,155.50928508783144,157.89551993834652,154.097707286532,25
180,158.95062942027653,158.3800048828125,163.88371114476035,157.92923501650287,157.51027777777784,25
180,150.18965156383194,154.06385803222656,150.84780411360947,150.67783772643202,146.57876666666675,25
130,155.72382372661104,155.91285705566406,160.99179961072323,153.77464297270222,158.88542857142858,25
130,157.25957982188413,158.84432983398438,159.79458175660199,156.31609254025628,158.81120634920634,25
160,155.1506764785378,154.49740600585938,157.79281539502247,153.8535570277508,158.48561111111104,25
175,155.43722007327446,152.23245239257812,163.00253257337044,153.63652973580207,154.511,25
155,155.529197406925,152.59283447265625,163.00253257337044,153.76925670017067,154.511,25
185,156.65367858489182,153.9515838623047,162.03638640570773,154.88851823874387,158.64427777777777,25
170,160.0684485602858,160.05137634277344,168.27214242291123,157.07342280038165,164.77083333333334,25
190,156.6842485215633,158.61460876464844,158.4657638914172,156.71257116218837,153.98961111111115,25
170,153.9920464785334,156.21994018554688,152.73510146008914,153.9480266701722,156.0248333333333,25
125,158.70008233370015,157.43051147460938,166.43433892297318,156.59832536981838,159.18127777777786,25
170,152.46038760254,154.07652282714844,151.4656151886192,150.91372896306757,162.34594444444443,25
170,152.39796548290454,156.35655212402344,152.13911243652984,152.82647458047637,150.421,25
170,154.95494822075753,157.31497192382812,156.7322702431986,155.56865209354913,149.06150000000002,25
165,155.66679716763977,157.7278594970703,156.73084052181613,155.82080581669402,153.30683333333332,25
165,155.19641719141555,150.1525421142578,164.09709414242164,152.35639593531306,158.05664444444446,25
175,156.91262353808253,155.0338592529297,167.4640051784953,153.70393044498482,159.43811111111114,25
160,156.88095230429008,154.4520721435547,164.6708930849614,154.58293684741608,158.3572272836837,25
170,157.57012468125743,157.29595947265625,160.3818075116986,157.54208686750147,153.7155272836837,25
160,157.86327770546256,157.12908935546875,160.66079169200884,157.71322743743877,154.69686061701705,25
160,153.6486003217921,153.22532653808594,159.27631651232952,152.4333558880859,152.27930777350528,25
160,153.75580360423382,153.05845642089844,159.89575633856404,152.38333284273654,152.51707777777776,25
160,158.76281847322988,156.84954833984375,167.51273016700551,156.6579323303552,157.81331428571423,25
163,156.73567620716906,155.59286499023438,164.02123711027892,154.73415740089158,157.30771991644963,25
80,155.90227769788626,154.75494384765625,164.3248131590555,153.7272187180933,155.80362777065702,25
165,157.07686904185843,156.78964233398438,158.5867953234599,157.4620045365965,152.8159444444445,25
54,156.8138330891051,156.95651245117188,158.39942582530222,157.2908639666592,151.9419444444445,25
155,157.40209879761477,156.71926879882812,161.91533960140677,155.7915313227469,159.78578404344196,25
155,158.1900530403542,155.7063751220703,168.4286932760518,155.46570058989047,158.5097380952381,25
156,155.19788748669745,153.27723693847656,162.40998794660987,152.85577298786825,157.73931111111114,25
190,159.49234327483603,156.1192626953125,168.32953838282992,157.04579260236383,160.28892857142856,25
167,158.4446823318836,157.1321563720703,161.68942906374883,157.37162333522025,159.6939269005848,25
153,156.0642081189082,153.96466064453125,162.27893527077663,154.26235281223478,157.0696444444445,25
190,155.9897782858212,156.5436248779297,158.62949257875567,155.71077195418584,153.75430158730163,25
170,158.130925626589,155.2899932861328,165.58658329252523,155.58987553021436,161.41426903067696,25
165,155.99585219746348,155.11434936523438,159.8637051962337,155.6765157977324,152.23044200697407,25
168,154.78685599559213,152.6771697998047,162.57329347788698,152.76593005163897,154.75114200697405,25
193,156.5920239673055,154.95054626464844,160.08606758280493,155.22190816981438,159.11218999905057,25
180,154.8813979817236,154.77490234375,156.1766462667023,155.31228937119064,150.67600000000004,25
102,157.80415236255106,154.25132751464844,165.60538530881152,154.93059321184452,162.4152619047619,25
190,155.99585219746348,155.11434936523438,159.8637051962337,155.6765157977324,152.23044200697407,25
158,151.17552468268195,149.3137969970703,149.74318470974154,151.34332969884042,152.29866666666666,25
155,154.71590893746023,152.05465698242188,157.59564674928097,153.97270709480858,154.67961111111111,25
174,155.67201703298107,152.77581787109375,159.75265379152873,154.05346646336963,158.71609356725145,25
152,154.89989860465064,148.98033142089844,162.95391397757416,152.09925446661745,158.7514777777778,25
156,155.25295602561843,153.3564910888672,159.11715536492196,154.48165793153666,153.96711111111117,25
162,155.48649913911146,153.2932586669922,159.30452486307965,154.65279850147397,154.60811111111113,25
164,156.36161409406557,154.07765197753906,161.26468348963203,154.5624173000977,159.22228404344196,25
160,155.19641719141555,150.1525421142578,164.09709414242164,152.35639593531306,158.05664444444446,25
180,161.7888926950317,158.86927795410156,172.92303021988477,158.33933896787752,164.80229443732372,25
170,157.8907269520196,157.3344268798828,162.9010450637051,156.9518501616494,155.88851428571425,25
180,158.9389818669774,157.68600463867188,164.17942236381217,157.2550020313099,160.6879444444444,25
205,158.04942186207904,158.92723083496094,159.72325228491465,157.74932639114985,157.3062836079068,25
200,159.32350011118788,157.13580322265625,170.96221830082024,156.99745389695758,155.46674444444446,25
175,155.5554719027907,156.466064453125,157.37133542070006,155.71092272403064,152.11588294674107,25
185,153.34420432946834,152.83677673339844,157.045177373143,152.03938902782733,155.21188721804504,25
170,157.89628804009675,154.537353515625,166.65887192115613,155.08374881787162,160.80291111111111,25
200,159.80756619943392,157.81776428222656,166.11451159651506,157.56393037900293,163.10016069094945,25
175,159.01248682730682,157.2731170654297,164.19615533964057,157.10781338281413,162.0506111111111,25
175,157.09547036760782,155.6359405517578,167.71352807070886,153.79409009160705,160.03334444444445,25
180,159.01248682730682,157.2731170654297,164.19615533964057,157.10781338281413,162.0506111111111,25
180,158.84068814282824,158.1844482421875,163.1076919659699,157.8536109078561,158.16196444159618,25
180,159.3645764962739,157.88157653808594,162.73333645834597,158.44702868149386,159.5856611039904,25
110,153.09671470880323,153.21035766601562,156.6634575608122,151.9255687004896,154.4239444444445,25
180,158.08092987617118,157.71470642089844,164.61685309962502,155.91893363026088,160.60015873015874,25
180,156.3461715946574,156.70181274414062,162.5216665672967,155.76000450492512,150.752,25
175,155.63952772351357,153.0133819580078,160.74134465667547,153.93609309426196,157.69261111111112,25
230,155.77000671511638,152.80264282226562,160.27726077915406,154.6604215200275,155.4195,25
175,154.33414514727355,152.2247314453125,159.1863161226222,153.70469926640354,150.86333333333332,25
180,157.11810263813078,152.60826110839844,163.8213826318652,154.51626311510594,161.80677777777777,25
100,156.99574217411615,152.60826110839844,163.5697611602366,154.52880853969384,161.13011111111106,25
175,156.99574217411615,152.60826110839844,163.5697611602366,154.52880853969384,161.13011111111106,25
100,155.55990397462588,153.0133819580078,160.45064682597274,153.9486385188499,157.4092777777778,25
175,156.26173725934333,153.3926544189453,160.68594448601024,154.24832888866837,160.97777777777776,25
215,154.93336234913923,152.60400390625,159.86238505156226,153.80404103819626,154.08966666666663,25
175,154.28268633022304,152.2247314453125,159.0351064309664,153.71724469099144,150.6036666666667,25
175,158.8607653909215,157.67933654785156,164.0936325819408,157.24313439351874,160.25728360790677,25
110,157.54024659282268,155.19435119628906,167.4080409170081,154.24724118362482,161.5017836079068,25
180,157.63279143365816,156.26022338867188,163.2354199488275,156.73599023486472,154.55588095238096,25
175,159.01248682730682,157.2731170654297,164.19615533964057,157.10781338281413,162.0506111111111,25
150,156.8683705608467,156.26022338867188,161.79359013696657,156.36895503254408,152.58154761904765,25
200,158.7603003377454,158.467041015625,163.32907867485164,157.05681477399264,161.57351440599228,25
180,159.82164416322593,158.22409057617188,163.0713114597741,158.37320652196246,163.1189610612658,25
175,158.045992709903,154.9436798095703,163.70118337103722,155.7372856095513,162.62392063492064,25
150,155.66286656941213,154.83779907226562,163.1370484186438,153.06980369726554,159.20455555555552,25
200,159.1116988096239,157.4717559814453,164.37948528508454,157.07058662812852,162.77687301587304,25
175,159.74633720826216,156.36180114746094,165.41998878677373,157.8814293289886,161.86828052871945,25
180,159.01248682730682,157.2731170654297,164.19615533964057,157.10781338281413,162.0506111111111,25
200,159.1580172747276,158.02545166015625,162.9690835162868,157.5099658660104,162.74787688997057,25
200,157.93312834976894,157.10052490234375,162.2262370474646,157.13814271806098,156.16554761904763,25
180,157.89628804009675,154.537353515625,166.65887192115613,155.08374881787162,160.80291111111111,25
175,155.3032247634258,151.6145477294922,164.7338576523024,152.10449989364767,159.37178571428566,25
155,158.89692110436746,157.0654296875,167.27754210061948,156.32827318429696,161.012803968254,25
185,156.7240414109428,154.70741271972656,165.16934866076846,153.77177601125138,160.84790476190474,25
180,154.93610346472443,150.735595703125,162.78331932669442,151.94603833162003,160.11949999999993,25
180,156.62506207834411,153.7230987548828,163.3562414572909,154.95674972892274,156.16318095238094,25
185,159.5443429698649,157.26406860351562,167.39087661207296,157.00691189767372,162.25067301587305,25
190,159.29522393184524,157.8779754638672,163.34100177303003,158.14123369587134,159.84566110399038,25
180,159.1580172747276,158.02545166015625,162.9690835162868,157.5099658660104,162.74787688997057,25
130,149.4201150912212,146.34591674804688,149.890171064257,149.358354683177,149.08816666666675,25
180,157.73994193373494,156.0525360107422,165.03999654956726,155.95645003634755,157.09769285714287,25
180,155.83737305654785,152.44686889648438,161.47334219450195,154.11796470608354,157.21646666666663,25
185,158.45154512327034,156.0525360107422,165.08460840964676,156.78995474785725,158.0927285714286,25
185,157.63279143365816,156.26022338867188,163.2354199488275,156.73599023486472,154.55588095238096,25
180,157.75959223294774,156.67311096191406,163.15657559480223,156.8831788833605,154.8642142857143,25
190,158.9389818669774,157.68600463867188,164.17942236381217,157.2550020313099,160.6879444444444,25
195,158.5610377237308,156.8717498779297,163.29747254177698,157.73669444600347,156.32221428571427,25
185,158.5610377237308,156.8717498779297,163.29747254177698,157.73669444600347,156.32221428571427,25
170,158.46552024795383,157.39434814453125,163.26124796035194,157.4804971000971,157.0218476190476,25
180,159.73835043962495,157.8846435546875,164.31775876404313,158.11824268726198,162.07994444444446,25
180,157.6920680052565,152.80690002441406,163.25369891463887,155.42977276123466,162.14927777777774,25
175,157.57008727756892,152.80690002441406,163.00207744301028,155.44231818582256,161.4756111111111,25
175,154.8630450869091,152.28465270996094,159.4293412518546,154.29033033193681,151.48916666666662,25
180,159.8029737891934,157.4717559814453,164.33449173987154,157.9710540387662,163.37244444444445,25
200,158.73106673159108,157.29916381835938,162.44263400412748,157.99165828070397,157.48821428571424,25
180,158.57033642202143,154.73599243164062,166.91417694523906,155.77779787502453,161.96438730158732,25
175,155.6921687975801,151.8131866455078,164.74946713681797,152.4549891683481,160.5034523809523,25
205,158.4830820406272,159.12586975097656,158.9456195872264,158.64742569350244,156.92399443732376,25
200,159.71599539181977,157.33444213867188,170.22069405987563,157.71095125673483,155.71841111111115,25
175,155.29519557448427,156.52598571777344,156.63233525713756,155.866982759011,150.2587166595459,25
175,153.319731480028,152.89669799804688,157.38626111824152,152.02042717632955,154.6361367409051,25
170,158.57033642202143,154.73599243164062,166.91417694523906,155.77779787502453,161.96438730158732,25
200,160.35049880159215,158.0164031982422,166.19173765122488,158.24256909237968,163.56401486651714,25
175,159.8029737891934,157.4717559814453,164.33449173987154,157.9710540387662,163.37244444444445,25
175,157.44740336816557,155.69586181640625,167.71695382222194,154.42520095729896,159.35366444159612,25
180,159.8029737891934,157.4717559814453,164.33449173987154,157.9710540387662,163.37244444444445,25
118,158.84068814282824,158.1844482421875,163.1076919659699,157.8536109078561,158.16196444159618,25
180,159.3645764962739,157.88157653808594,162.73333645834597,158.44702868149386,159.5856611039904,25
110,152.04169374642538,152.77381896972656,155.89190706396712,151.21645151477293,151.0711111111111,25
180,158.62029258599554,157.77462768554688,164.74503851504898,156.64190760459297,160.7204444444444,25
180,157.0363651618905,156.76173400878906,162.78965486207485,156.47325338594814,151.9178333333333,25
175,156.06271276805873,153.07330322265625,161.02851969184724,154.51890382851641,157.43577777777776,25
175,154.9185544247817,152.28465270996094,159.5805509435104,154.27778490734892,151.78083333333328,25
100,157.57008727756892,152.80690002441406,163.00207744301028,155.44231818582256,161.4756111111111,25
215,155.9786165690966,153.07330322265625,160.7378218611445,154.53144925310434,157.11711111111106,25
175,157.03149130595398,153.59129333496094,160.973119521182,155.1269798883966,161.83927777777774,25
215,155.69740924252557,152.80264282226562,160.12605108749827,154.6729669446154,154.99283333333332,25
215,154.8630450869091,152.28465270996094,159.4293412518546,154.29033033193681,151.48916666666662,25
175,159.29522393184524,157.8779754638672,163.34100177303003,158.14123369587134,159.84566110399038,25
110,158.06628191101865,155.3929901123047,167.42161765332818,155.01861873093668,161.41516110399039,25
180,158.4019676179382,156.4588623046875,163.36724328044903,157.5895057975077,155.77188095238094,25
175,159.8029737891934,157.4717559814453,164.33449173987154,157.9710540387662,163.37244444444445,25
150,157.6778831816468,156.4588623046875,161.9254134685881,157.22247059518708,154.11621428571425,25
200,158.7603003377454,158.467041015625,163.32907867485164,157.05681477399264,161.57351440599228,25
180,159.1580172747276,158.02545166015625,162.9690835162868,157.5099658660104,162.74787688997057,25
175,157.23398005487138,154.7450408935547,163.4208764581768,154.85863460982307,161.41877777777776,25
150,155.5378773883297,152.83766174316406,162.30884324157367,152.3921755191589,163.10754761904766,25
200,158.32061662611355,157.2731170654297,164.24114888485357,156.20734597217648,161.4503373015873,25
180,161.2776060024969,158.67063903808594,172.93445537234217,157.62584160810025,164.6529169412401,25
180,158.84068814282824,158.1844482421875,163.1076919659699,157.8536109078561,158.16196444159618,25
175,155.9786165690966,153.07330322265625,160.7378218611445,154.53144925310434,157.11711111111106,25
175,157.03149130595398,153.59129333496094,160.973119521182,155.1269798883966,161.83927777777774,25
175,158.4019676179382,156.4588623046875,163.36724328044903,157.5895057975077,155.77188095238094,25
150,159.8029737891934,157.4717559814453,164.33449173987154,157.9710540387662,163.37244444444445,25
200,157.6778831816468,156.4588623046875,161.9254134685881,157.22247059518708,154.11621428571425,25
180,159.248263770372,158.52696228027344,163.42115563353195,157.77978874832473,161.33920774502224,25
180,159.82164416322593,158.22409057617188,163.0713114597741,158.37320652196246,163.1189610612658,25
175,158.045992709903,154.9436798095703,163.70118337103722,155.7372856095513,162.62392063492064,25
150,158.46187498573136,157.279296875,166.82906455386888,155.50229021509287,162.7371666666667,25
200,159.1116988096239,157.4717559814453,164.37948528508454,157.07058662812852,162.77687301587304,25
175,153.34420432946834,152.83677673339844,157.045177373143,152.03938902782733,155.21188721804504,25
200,159.80756619943392,157.81776428222656,166.11451159651506,157.56393037900293,163.10016069094945,25
180,159.01248682730682,157.2731170654297,164.19615533964057,157.10781338281413,162.0506111111111,25
175,158.58117577804734,158.12452697753906,163.87047375968768,157.09577828712352,159.17331111111116,25
230,158.9358140002563,157.6829376220703,163.48596726725674,157.5489293791413,160.0422836079068,25
110,153.09671470880323,153.21035766601562,156.6634575608122,151.9255687004896,154.4239444444445,25
230,155.00317508866488,152.60400390625,160.01359474321805,153.79149561360836,154.49433333333332,25
175,155.55990397462588,153.0133819580078,160.45064682597274,153.9486385188499,157.4092777777778,25
175,156.26173725934333,153.3926544189453,160.68594448601024,154.24832888866837,160.97777777777776,25
175,158.8607653909215,157.67933654785156,164.0936325819408,157.24313439351874,160.25728360790677,25
110,157.54024659282268,155.19435119628906,167.4080409170081,154.24724118362482,161.5017836079068,25
180,157.63279143365816,156.26022338867188,163.2354199488275,156.73599023486472,154.55588095238096,25
175,159.01248682730682,157.2731170654297,164.19615533964057,157.10781338281413,162.0506111111111,25
150,156.8683705608467,156.26022338867188,161.79359013696657,156.36895503254408,152.58154761904765,25
200,158.7603003377454,158.467041015625,163.32907867485164,157.05681477399264,161.57351440599228,25
175,157.23398005487138,154.7450408935547,163.4208764581768,154.85863460982307,161.41877777777776,25
150,155.5378773883297,152.83766174316406,162.30884324157367,152.3921755191589,163.10754761904766,25
200,158.32061662611355,157.2731170654297,164.24114888485357,156.20734597217648,161.4503373015873,25
190,155.01974929315824,155.84434509277344,160.21591347939483,152.9472364412635,158.95892857142854,25
160,153.13679420820077,148.72555541992188,162.32460909064187,150.11730875846192,156.5702142857143,25
160,154.34049477941613,152.24395751953125,159.85646565142628,152.1543949987165,158.44564285714281,25
170,153.01056311736147,151.7776641845703,155.3620060139567,152.39446517176202,153.03150000000002,25
170,158.0852308953708,153.7376251220703,173.81842687860268,153.33065610905487,161.6872087301588,25
155,155.3439313576045,155.4364013671875,160.4253449495784,153.34738692730116,159.0307857142857,25
170,153.13641825071278,152.35476684570312,160.86230375770995,150.5805637169526,156.11559523809527,25
155,145.72673222482598,142.95846557617188,152.13583580998838,143.39067121319934,149.37970000000004,25
155,158.41875461589035,156.8782196044922,163.71112238664878,157.3000291091675,156.9990952380952,25
170,159.91379628282252,157.54859924316406,168.25191937595886,157.75914044381557,159.82377777777785,25
155,158.2559926291401,156.46533203125,163.78089312532083,157.1528404606717,156.41959523809524,25
170,159.96698534965358,157.13571166992188,168.26865235178727,157.6119517953198,161.0259444444445,25
170,159.57110611098312,157.12924194335938,164.5697705784323,158.04861713215578,160.78061111111109,25
160,159.82434484375486,157.4782257080078,165.8603369239789,157.5343887019302,163.7567777777778,25
150,159.79588083110866,157.89111328125,165.8436039481505,157.68157735042598,162.7499444444445,25
150,156.71371020976022,157.9520263671875,160.96037761800724,156.1785189686608,153.59003284636,25
150,156.9529761863552,158.27293395996094,160.96037761800724,156.51873591047624,153.61769951302665,25
170,154.7245347869498,157.04132080078125,155.41864990291802,155.4465942220354,149.782,25
180,154.83644141873754,157.3622283935547,155.41864990291802,155.78681116385084,148.80350000000004,25
190,155.66602924057688,157.7879180908203,153.37785098011204,157.52891561714958,148.72911111111117,25
180,156.8401816236621,157.96356201171875,155.20849519273784,157.60967498571063,154.95342690058476,25
155,158.41875461589035,156.8782196044922,163.71112238664878,157.3000291091675,156.9990952380952,25
170,159.91379628282252,157.54859924316406,168.25191937595886,157.75914044381557,159.82377777777785,25
155,158.2559926291401,156.46533203125,163.78089312532083,157.1528404606717,156.41959523809524,25
170,159.96698534965358,157.13571166992188,168.26865235178727,157.6119517953198,161.0259444444445,25
170,159.57110611098312,157.12924194335938,164.5697705784323,158.04861713215578,160.78061111111109,25
160,159.82434484375486,157.4782257080078,165.8603369239789,157.5343887019302,163.7567777777778,25
150,159.79588083110866,157.89111328125,165.8436039481505,157.68157735042598,162.7499444444445,25
185,160.37360607243332,162.35707092285156,158.51586383591905,167.30819380221632,164.35640000000012,30
158,160.37360607243332,162.35707092285156,158.51586383591905,167.30819380221632,164.35640000000012,30
145,158.96365327175022,154.88731384277344,155.1415700332383,173.23075353753157,163.9291400018056,30
170,160.34087981274774,165.90814208984375,160.5994637366077,159.37562204080643,163.64879999999997,30
150,170.79333229227444,161.46485900878906,170.6414183680134,171.36040832119122,168.29494666697184,30
160,160.1369400608612,153.61373901367188,160.9760304497891,157.0047805373888,158.32762000007622,30
132,150.98412772462027,147.71994018554688,147.46438591711654,164.1226608352169,151.42748485039218,30
180,164.16552109660068,167.13067626953125,163.72285888643233,165.81789141836146,165.32485555555547,30
144,150.71498589004656,141.45108032226562,150.52914501235472,151.40870104843117,149.25108666941327,30
164,162.66775337448814,164.37875366210938,162.45974034163564,163.44422330156655,163.61616666666663,30
148,160.01463577679309,160.93472290039062,156.51715217815587,173.07005448556774,168.1715400001526,30
171,161.450205777519,166.17384338378906,161.3116474512533,161.96740715385513,164.28979999999996,30
125,154.37788975190935,147.51397705078125,151.46127845858695,165.26505341376173,153.97826666959125,30
158,160.78213940231046,162.0365447998047,159.0595884850917,167.2120830122964,164.87253333333342,30
146,173.36376564597342,162.8309326171875,175.05641595521791,167.04545732230753,163.50314000078836,30
182,164.19315904210683,168.37240600585938,164.46295076786325,163.18607477915228,164.7768555555555,30
136,149.0580979423055,147.2743682861328,146.4836028627608,158.6681901324481,152.8914604065327,30
163,157.27120081702347,159.32655334472656,156.81018937040932,158.99204847278082,163.0489777777777,30
138,150.9622388386122,152.51751708984375,145.8271404224108,170.13057012226943,157.93211333440138,30
186,165.2518872019565,168.60340881347656,164.80852852158483,166.90685384262332,167.34752222222218,30
154,161.25100889709867,163.12998962402344,159.71004250959652,167.00313537574468,164.30003333333335,30
134,155.48667011085615,144.24758911132812,152.79962949662556,165.51686906186512,160.75876000213617,30
162,162.22003899861681,162.2710723876953,162.13644464393278,162.53207751679201,163.16866666666664,30
159,171.04467986706882,166.75732421875,172.50318202850355,165.60038515034663,165.78712000007633,30
122,156.22575182892754,150.7441864013672,153.06957164683655,168.00717795672668,156.6561066678365,30
180,164.16552109660068,167.13067626953125,163.72285888643233,165.81789141836146,165.32485555555547,30
142,154.87586246831015,146.56532287597656,152.35359557661218,164.2909828429299,162.600500001653,30
165,158.20437429746363,162.88943481445312,157.22030372318207,161.87770299413475,164.02288888888884,30
150,172.16635591917293,162.76385498046875,174.7193616172407,162.63650406905128,161.9010000003815,30
160,169.3886143215282,167.13478088378906,168.41185296354777,173.03468483663957,168.35166666666666,30
190,170.35909660619365,168.8541259765625,171.1514293680382,167.40147673686212,167.8403888888889,30
134,159.4105814690262,150.09555053710938,157.31400180415773,167.23671211053608,161.53911555743744,30
168,159.79566686673718,165.36700439453125,159.90818438762025,159.37564616965685,163.4701111111111,30
144,160.63919256041856,156.07479858398438,158.46646205491234,168.74957876494798,162.99699333419795,30
155,162.87351101256687,157.0585479736328,162.62590277342014,163.79781072734977,156.27802000007645,30
186,166.1218205649158,169.38450622558594,166.26235700358657,165.59721580375913,168.40668888888885,30
150,170.12508385808698,162.94190979003906,171.17936803598926,166.18966161615432,164.18558000030527,30
172,159.4237952499427,166.62913513183594,158.3367716988936,163.4814301639487,164.6159999999999,30
120,153.5284287725838,142.25975036621094,151.72993410811392,160.24184221808403,161.65959333546948,30
158,166.9236469327893,165.26388549804688,165.74250764217322,171.33262022643606,166.31549999999996,30
184,164.16552109660068,167.13067626953125,163.72285888643233,165.81789141836146,165.32485555555547,30
149,160.00844850546633,162.87545776367188,157.95780408725014,167.66310912934395,162.5280066668192,30
164,157.27120081702347,159.32655334472656,156.81018937040932,158.99204847278082,163.0489777777777,30
136,155.5954199894139,152.60812377929688,151.5316672303606,170.76463877711217,157.37508000183107,30
180,162.85245841140693,167.1104736328125,162.42943081098667,164.4315353809723,164.26885555555543,30
143,163.24240855229388,154.335693359375,162.58319065927532,165.70313828205659,165.26116000086458,30
156,164.24560303119435,162.0771484375,164.23304389916382,164.29248761448116,163.28385333340972,30
132,160.05612680291728,154.6678924560547,157.04129649652543,171.3099281048279,158.39430889087254,30
188,165.2518872019565,168.60340881347656,164.80852852158483,166.90685384262332,167.34752222222218,30
149,170.6548914575946,161.65328979492188,172.05885732565284,165.41417918376544,163.1274133336386,30
166,160.5904091977544,167.3964385986328,160.14556561980578,162.25090997636562,164.98061111111102,30
185,132.31514594911553,103.4957504272461,138.3937137366927,148.4119792301815,113.79749999999996,35
185,133.9373215360138,159.6730194091797,133.10386401337826,147.34804864258612,136.47616666666676,35
185,145.5114933503589,124.57106018066406,151.6876019630453,151.04775457807705,126.69676666666665,35
165,148.31785040078756,144.30616760253906,150.47685635438586,160.25577978312083,141.74062380952375,35
120,139.92679491501545,135.43756103515625,140.79273133611716,144.90264947168004,137.28880000000007,35
180,147.25246782960494,137.2153778076172,150.15247002074832,162.2088388923437,138.41788095238104,35
155,169.5740823364071,159.3353729248047,177.92687431058783,158.99410765957106,144.1284666666667,35
110,145.3493667975938,138.52713012695312,146.185913598651,164.9578717221042,142.80079047619046,35
155,144.51285070556975,146.02490234375,145.7638780062722,154.9476726284087,140.70166428571432,35
155,132.75501721144832,140.42633056640625,130.55291366057747,144.64375798902208,139.46333095238103,35
185,142.48966248729633,144.70993041992188,143.18889804548505,149.44448246847753,140.3594666666669,35
210,157.04108573559213,158.29379272460938,160.4592901400096,151.27060702967256,146.62800000000007,35
195,135.00691164787432,147.79653930664062,129.64066447134888,152.53650324443493,151.35433095238093,35
170,149.17390269526243,153.52369689941406,152.83761076093398,153.12413360098924,138.0128333333334,35
200,124.0495638469703,114.95150756835938,129.17986079256156,138.4595642465143,108.42066666666668,35
140,135.7862556629657,139.0421600341797,143.9288351578969,144.37096258773764,110.98083333333331,35
180,150.5624866818851,147.5048065185547,154.55776692191301,147.97282790878472,138.39139761904764,35
195,131.20556066190352,138.14718627929688,130.8915842445603,155.5135385621047,132.16183333333353,35
200,144.01468944089402,150.7047119140625,145.67757440911245,152.40205495786776,138.94883333333337,35
180,139.4141605980461,147.70272827148438,139.72536507266923,150.82862948286814,138.46600000000004,35
160,148.24150398466364,154.99330139160156,151.16459967995362,145.31784433423243,139.3366666666667,35
175,156.50563506309953,156.1632080078125,162.6441921164439,148.83708526479836,137.8053571428572,35
180,153.88976381386965,160.7270050048828,154.88092785865155,158.669832123589,150.87025,35
150,140.41293246350793,161.12974548339844,139.0328520159388,159.00576256836516,144.61696666666668,35
150,141.83716537473873,152.82398986816406,139.03349824604544,150.61808241964684,150.37808333333334,35
165,145.38725446219962,153.59010314941406,141.56011491621214,165.57529390511309,157.0459666666667,35
170,150.35669161301223,155.55514526367188,148.7460140766228,163.110149706347,155.26330000000007,35
175,156.91586790545105,157.2202606201172,161.39315423920075,152.15567132566235,143.27641666666665,35
170,128.432790986524,140.35858154296875,125.65696619852565,129.9391219070051,136.88894761904774,35
170,139.6098917669753,160.70217895507812,141.36173283646698,152.51773579531542,134.2729666666667,35
145,153.97911890553655,155.54295349121094,156.99315319675893,152.5847094818664,144.79724999999993,35
175,152.2874131385969,153.42361450195312,156.993634068495,152.33536510823188,137.95050000000023,35
175,127.13903326222716,146.14797973632812,133.74790743550784,135.66038153370644,107.00580952380957,35
175,145.17633183608353,143.4837188720703,149.47853896812052,149.73103583622128,132.07016666666675,35
150,145.6567879594702,133.31748962402344,152.0526837374357,149.27295121611812,126.17250000000013,35
150,147.1443913152828,154.45126342773438,158.9010564416294,127.28267223789152,111.32933333333334,35
180,152.8457668394916,147.12913513183594,157.8750674560646,150.9048998426942,137.52466666666672,35
180,144.92204636932843,154.798583984375,143.57944132478409,156.83441900438342,149.012,35
180,150.1519452956153,168.09474182128906,152.84409344126217,142.8188336815376,141.95066666666656,35
180,148.1340556269928,153.55859375,150.91732165459493,148.723911603795,139.6551666666667,35
170,131.38809363792672,142.3037872314453,138.5428280882849,142.44978602200337,109.59197619047623,35
190,134.2815044089443,147.45285034179688,134.78716545781788,138.74510252180133,132.74100000000004,35
175,120.77681373015825,128.95518493652344,118.1060323215603,140.12531251984922,128.91283333333334,35
175,121.81285436966965,128.8582763671875,119.49092152393342,139.58065364076742,128.8861666666667,35
145,146.05782586190523,144.04891967773438,149.26987882530332,152.12361237121763,136.2726666666667,35
190,126.86235666620507,137.9760284423828,132.10740190728558,144.90492796661422,110.88380952380952,35
175,140.43197920670292,146.7824249267578,150.6772442324871,138.03325841004752,109.22107142857148,35
175,143.20214665508098,159.21453857421875,154.1713663750718,145.46885538600347,109.78573809523809,35
175,143.50670287648535,147.89315795898438,146.65618726473835,145.5528478721609,133.91216666666668,35
175,137.03098742738848,141.38294982910156,137.86931445032883,145.6575414846439,134.47704761904762,35
170,156.85936659479506,146.1350860595703,163.5727935012911,157.38124324928557,136.40778095238096,35
170,118.27050230776891,126.87147521972656,120.45174899281699,149.20581535702416,111.6253333333333,35
145,158.46943764616523,155.34815979003906,163.03701931824958,148.25969936295368,144.5549666666667,35
160,142.4255362672057,148.36907958984375,142.07719429224312,150.63643981367042,143.48663333333337,35
160,151.38049640068175,157.18446350097656,153.71310107105558,150.68713653081502,144.27450000000002,35
145,139.96349079414935,152.2045135498047,135.75324674457747,152.6177010297202,152.7893333333334,35
140,125.6622766677051,131.45526123046875,116.89425191816606,147.50851753917885,152.37276666666665,35
155,157.37993400128892,157.85325622558594,161.7316035149832,153.617317769121,144.12315,35
140,127.0728285333046,147.42393493652344,120.71560485342555,144.12796310107487,146.43911666666665,35
150,142.53407169486576,156.2384490966797,140.82567231688463,157.89509336288592,147.73833333333337,35
160,145.3972507378002,160.3144073486328,144.3025256006349,155.9959072355456,148.73206666666667,35
160,143.39624847452626,157.26010131835938,142.24387859079252,154.97750694420023,146.9066666666667,35
155,149.4468665785916,160.96234130859375,149.11590179733835,154.95863654942198,150.45503333333338,35
160,134.18202413378586,147.61331176757812,134.3556765413856,151.90679070543155,133.6528333333334,35
65,141.77580889461336,153.51480102539062,139.11491891968979,151.2362543330843,149.8817666666667,35
158,144.26124414143095,156.60780334472656,143.73425375797206,155.00031835775943,145.8665333333333,35
126,159.58848967400527,162.47901916503906,164.49811122000648,156.05867214932516,144.63196666666667,35
128,150.56244356380978,149.95774841308594,151.7927948133015,146.6776116353431,146.8143666666667,35
58,140.90261320391744,160.80552673339844,140.9057040174031,158.56826781171623,140.89300000000003,35
62,140.4911924360773,158.78062438964844,139.46008623021237,156.26968023313046,143.63215000000002,35
129,137.32849270046057,154.9549560546875,135.31754686232398,158.43460592983212,143.4543666666667,35
153,148.629490634605,153.59609985351562,149.1569235886205,157.11289352981524,147.02264999999997,35
185,155.78923572185178,162.69393920898438,158.53494224463861,155.94274747812,147.4247666666666,35
130,119.18882551192553,143.4445343017578,110.6640179522358,137.51536246878,145.15836428571424,35
168,169.3721095522157,159.64662170410156,176.72805709445808,144.93895737061064,146.96336666666667,35
215,151.0297847508813,153.28236389160156,154.3709576673527,153.27895265072587,140.85129761904759,35
190,170.95358200142925,162.49420166015625,174.02472660198373,146.34610453061507,161.59795000000003,35
100,171.9257947906581,162.64073181152344,175.64071643029175,148.8635973820501,160.60896666666665,35
200,151.1851945641328,155.06387329101562,149.7191140311171,155.23438212715905,155.65138095238095,35
165,146.3826491706241,155.24334716796875,142.86323589134855,149.74281569835648,157.10404761904758,35
190,177.1340886736116,167.58912658691406,182.5520998123508,164.17959361163088,160.62893095238093,35
210,161.57735530179843,165.8214111328125,161.87597025676322,161.70875456212107,160.66764999999998,35
160,160.9954633230352,158.64552307128906,160.73348740070682,160.54010435798622,161.79354999999995,35
170,151.54270445103512,156.9001007080078,150.10322765390896,154.89732103128705,155.92784761904758,35
160,154.99844249069434,157.81640625,154.20512289937167,155.27800034060309,157.41518095238087,35
160,151.36211697375717,157.93707275390625,150.12119655720696,154.58318965674147,155.14238095238085,35
170,150.8831057614568,159.014892578125,150.16384022389022,153.53556975189056,153.07421428571422,35
185,158.6926422151892,160.208984375,159.34896239551236,159.9650948189642,156.693230952381,35
160,143.94772285317367,157.01846313476562,139.74422872052682,158.693037422407,156.75298333333333,35
165,145.24014114756415,154.8204803466797,142.01426880478888,159.36637994563006,155.06721428571424,35
185,174.9007830202464,167.1230010986328,178.83261748092826,162.7396555499045,162.92306428571425,35
185,154.78572176297877,160.87977600097656,157.6854217294745,150.84279380947532,145.95216666666659,35
235,166.9935886795065,161.1472930908203,169.91566771407437,160.13813035802923,158.09191428571418,35
165,164.91037397071958,163.3296356201172,167.2263938160201,154.52649351696928,157.8549999999999,35
155,162.99095242979098,160.67990112304688,165.5114057712875,148.46143719272496,155.3128333333333,35
185,163.46192093132538,161.80572509765625,166.46277339795944,147.86410810314672,154.32033333333325,35
130,166.7116859411166,164.7388916015625,169.567692749321,159.68126765417082,158.0112833333333,35
175,155.73081980823756,154.7732696533203,156.2112252584625,155.03238259377974,154.26733333333326,35
185,150.1519452956153,168.09474182128906,152.84409344126217,142.8188336815376,141.95066666666656,35
155,151.94323443375677,163.4814453125,154.41472651862793,145.49096529807233,144.4141666666666,35
170,154.29770574324817,155.28721618652344,156.8797416212637,157.04861974305106,146.43183333333332,35
180,153.32485762174247,156.06503295898438,156.53269963208007,150.87836435747124,143.5525833333333,35
145,162.99095242979098,160.67990112304688,165.5114057712875,148.46143719272496,155.3128333333333,35
160,163.71201011169316,161.15985107421875,165.90953706480417,146.6818024425143,157.0176666666666,35
175,149.15679816460607,152.04818725585938,152.52152820663267,136.5608017834531,138.90666666666664,35
145,155.52675904266826,149.445556640625,161.18789194624762,136.7154390971501,138.28099999999998,35
165,168.69245014752408,160.74090576171875,170.4508172973607,157.7329179353129,163.33591666666663,35
165,152.75150731164027,157.67001342773438,149.80435285271554,158.37908598697473,161.72958333333335,35
175,146.5758817040569,141.34701538085938,149.89928065955726,127.092666125939,136.45173809523806,35
150,132.2561421275763,132.4539794921875,132.00207784820208,123.18578984147375,133.03019047619043,35
170,161.8481974946503,164.16061401367188,167.7180480895449,141.6378093029891,143.96659523809515,35
150,164.16207252838277,167.55714416503906,170.7542759490571,141.72665568880595,144.0799285714285,35
155,131.78845351574154,148.41168212890625,130.73147577040794,126.14530035521206,135.00840476190464,35
160,163.17994133923256,163.48690795898438,169.4778123683927,143.64308605243758,143.9944285714285,35
160,171.12055908453976,165.9893341064453,174.23833343367198,160.7894880064107,161.62274999999994,35
150,135.16036434150988,149.8301544189453,136.61051435666434,127.2111598839425,130.74269047619043,35
150,154.93987263735562,145.9886016845703,157.83948008931924,141.84951606322116,146.1067142857143,35
165,127.5690513278282,151.95013427734375,123.53387424601648,124.9369072138521,139.86166666666657,35
140,158.24424227702372,155.54498291015625,160.56181373447032,145.14535190681357,151.18416666666656,35
150,153.28228091618186,153.57130432128906,153.4569962915773,157.1715208131636,152.7499999999999,35
155,133.0500501812217,154.02232360839844,130.34524560693606,133.96031895996694,141.28983333333326,35
170,147.71339705807884,163.54837036132812,150.00047045465828,136.292811604893,140.74616666666657,35
150,166.8727803394375,161.84083557128906,170.05375226013217,150.11432389279773,157.18249999999992,35
165,166.8727803394375,161.84083557128906,170.05375226013217,150.11432389279773,157.18249999999992,35
165,145.62408204449247,163.52182006835938,147.41231708222838,133.5182761082648,140.17649999999995,35
150,134.3267951779067,159.1939697265625,131.65405328973233,142.54423471958125,142.46883333333327,35
150,128.5280222649703,156.38446044921875,124.40810324162263,140.26771206249805,141.07866666666658,35
165,166.9935886795065,161.1472930908203,169.91566771407437,160.13813035802923,158.09191428571418,35
185,151.36211697375717,157.93707275390625,150.12119655720696,154.58318965674147,155.14238095238085,35
130,153.51734266888826,161.4640655517578,151.9544096775668,157.89874227980584,158.27856428571428,35
175,145.24014114756415,154.8204803466797,142.01426880478888,159.36637994563006,155.06721428571424,35
145,151.54270445103512,156.9001007080078,150.10322765390896,154.89732103128705,155.92784761904758,35
160,150.42713993359507,157.20545959472656,148.15675533575572,152.27622592911786,157.34354761904757,35
175,136.8599971104196,148.24603271484375,135.66229738142258,144.27307909292063,140.5085476190476,35
175,153.76701977917736,142.34996032714844,157.81605904397085,141.50700956519756,141.43226190476182,35
150,139.9144478359205,133.33160400390625,140.5211089053051,135.98214081536776,138.06638095238083,35
170,164.9006606909996,164.9090576171875,170.50027938166411,148.38769257136565,147.8422619047618,35
150,169.34310109678532,168.5878448486328,176.44367445256105,149.5197126493002,147.71226190476182,35
155,138.6939324930563,149.89279174804688,138.61470232903923,139.3492863633543,138.93526190476183,35
160,167.03970655589757,164.20387268066406,173.410041425333,150.15628554814884,147.63342857142845,35
215,151.0297847508813,153.28236389160156,154.3709576673527,153.27895265072587,140.85129761904759,35
190,170.95358200142925,162.49420166015625,174.02472660198373,146.34610453061507,161.59795000000003,35
100,171.9257947906581,162.64073181152344,175.64071643029175,148.8635973820501,160.60896666666665,35
200,151.1851945641328,155.06387329101562,149.7191140311171,155.23438212715905,155.65138095238095,35
190,177.1340886736116,167.58912658691406,182.5520998123508,164.17959361163088,160.62893095238093,35
210,168.32808748147164,161.90786743164062,170.76894070788762,160.4692573993589,160.89241666666663,35
160,161.32617869216955,157.78292846679688,161.0194582525494,160.1073110483134,162.26058333333327,35
170,162.99095242979098,160.67990112304688,165.5114057712875,148.46143719272496,155.3128333333333,35
160,166.8727803394375,161.84083557128906,170.05375226013217,150.11432389279773,157.18249999999992,35
160,163.46192093132538,161.80572509765625,166.46277339795944,147.86410810314672,154.32033333333325,35
170,166.40303244038483,162.88824462890625,171.10858146613205,147.4944205661884,152.06833333333324,35
185,175.60765778674704,163.4549102783203,182.05221417253398,160.54839752244376,155.97528333333332,35
160,156.86083110777454,158.45199584960938,156.8843084957104,159.6311136405642,156.78928333333332,35
165,155.73081980823756,154.7732696533203,156.2112252584625,155.03238259377974,154.26733333333326,35
185,169.47467510304392,164.30792236328125,171.68823394608793,162.5958193566869,162.73141666666663,35
130,151.94323443375677,163.4814453125,154.41472651862793,145.49096529807233,144.4141666666666,35
235,164.91037397071958,163.3296356201172,167.2263938160201,154.52649351696928,157.8549999999999,35
165,164.91037397071958,163.3296356201172,167.2263938160201,154.52649351696928,157.8549999999999,35
155,162.99095242979098,160.67990112304688,165.5114057712875,148.46143719272496,155.3128333333333,35
185,163.46192093132538,161.80572509765625,166.46277339795944,147.86410810314672,154.32033333333325,35
130,153.51734266888826,161.4640655517578,151.9544096775668,157.89874227980584,158.27856428571428,35
175,145.24014114756415,154.8204803466797,142.01426880478888,159.36637994563006,155.06721428571424,35
215,151.0297847508813,153.28236389160156,154.3709576673527,153.27895265072587,140.85129761904759,35
190,170.95358200142925,162.49420166015625,174.02472660198373,146.34610453061507,161.59795000000003,35
100,171.9257947906581,162.64073181152344,175.64071643029175,148.8635973820501,160.60896666666665,35
200,151.1851945641328,155.06387329101562,149.7191140311171,155.23438212715905,155.65138095238095,35
190,177.1340886736116,167.58912658691406,182.5520998123508,164.17959361163088,160.62893095238093,35
210,168.32808748147164,161.90786743164062,170.76894070788762,160.4692573993589,160.89241666666663,35
130,163.46192093132538,161.80572509765625,166.46277339795944,147.86410810314672,154.32033333333325,35
130,151.94323443375677,163.4814453125,154.41472651862793,145.49096529807233,144.4141666666666,35
235,164.91037397071958,163.3296356201172,167.2263938160201,154.52649351696928,157.8549999999999,35
155,162.99095242979098,160.67990112304688,165.5114057712875,148.46143719272496,155.3128333333333,35
175,145.24014114756415,154.8204803466797,142.01426880478888,159.36637994563006,155.06721428571424,35
215,151.0297847508813,153.28236389160156,154.3709576673527,153.27895265072587,140.85129761904759,35
190,170.95358200142925,162.49420166015625,174.02472660198373,146.34610453061507,161.59795000000003,35
100,171.9257947906581,162.64073181152344,175.64071643029175,148.8635973820501,160.60896666666665,35
200,151.1851945641328,155.06387329101562,149.7191140311171,155.23438212715905,155.65138095238095,35
190,177.1340886736116,167.58912658691406,182.5520998123508,164.17959361163088,160.62893095238093,35
210,161.57735530179843,165.8214111328125,161.87597025676322,161.70875456212107,160.66764999999998,35
130,163.46192093132538,161.80572509765625,166.46277339795944,147.86410810314672,154.32033333333325,35
130,154.78572176297877,160.87977600097656,157.6854217294745,150.84279380947532,145.95216666666659,35
235,164.91037397071958,163.3296356201172,167.2263938160201,154.52649351696928,157.8549999999999,35
165,164.91037397071958,163.3296356201172,167.2263938160201,154.52649351696928,157.8549999999999,35
155,162.99095242979098,160.67990112304688,165.5114057712875,148.46143719272496,155.3128333333333,35
185,163.46192093132538,161.80572509765625,166.46277339795944,147.86410810314672,154.32033333333325,35
130,153.51734266888826,161.4640655517578,151.9544096775668,157.89874227980584,158.27856428571428,35
175,145.24014114756415,154.8204803466797,142.01426880478888,159.36637994563006,155.06721428571424,35
165,148.38347987271268,126.32464599609375,155.3709910694638,152.32740717681384,127.09693333333327,35
165,162.98750883171792,159.676513671875,168.22981888856296,160.5288220386396,147.0175,35
180,146.54939139193093,146.76571655273438,147.93136722370474,151.70188182423394,142.3393333333334,35
180,152.0845549200086,168.13272094726562,151.61934451804075,155.32449498499264,153.50169047619053,35
180,143.69685712348888,160.65072631835938,140.00527772241477,153.1431300795575,154.9426666666667,35
190,130.9790318569035,142.5076904296875,128.89378976786702,142.64844213557632,137.33133333333336,35
180,145.81729428123535,146.11781311035156,147.46566513495003,154.98950624839537,140.79566428571434,35
180,139.01071631309472,143.89808654785156,147.25230123795046,149.47875976894102,113.90366666666664,35
165,148.38347987271268,126.32464599609375,155.3709910694638,152.32740717681384,127.09693333333327,35
165,162.98750883171792,159.676513671875,168.22981888856296,160.5288220386396,147.0175,35
175,167.95408512289782,163.0933074951172,168.33104585295933,166.54697092980862,165.51453333333336,40
150,172.288495264526,175.16151428222656,171.9640590143564,173.49953361629244,177.98673333333335,40
200,174.5191327527556,171.69338989257812,176.13018210775724,168.50541205966297,168.13798571428575,40
170,176.03106042311254,174.34117126464844,175.49609462329562,178.02797951620317,178.15166666666673,40
200,168.02304205206477,167.2444610595703,170.24238865649852,159.7386619531132,161.63373333333337,40
160,182.49577716010452,171.32476806640625,184.293972020196,175.783477404569,176.30953333333338,40
60,174.67590368379211,169.51275634765625,176.262015014181,168.7552636661231,170.59565238095237,40
180,168.4408728496093,165.69146728515625,169.35120878426372,165.04276806810302,166.2885333333334,40
170,168.75300110849275,170.49853515625,170.04782472040574,163.91968383786977,164.40470000000008,40
175,183.09003973590814,171.32728576660156,185.02128089346212,175.88110006361333,177.759,40
160,170.51226645173205,167.11126708984375,173.44996920725785,159.54640074832162,163.39936666666682,40
160,170.66428285871396,168.2021942138672,170.47068500565993,171.38694907713958,170.219,40
150,165.54285376940985,165.11947631835938,165.70470614378354,164.93868659349388,166.28286666666668,40
180,180.95142362754942,171.09176635742188,182.21357798385196,176.24005243094717,177.42159999999998,40
180,178.99037230384246,173.62762451171875,179.93040786156809,175.4813941437833,179.68483333333342,40
170,161.73163227635763,162.01467895507812,162.4350100143239,159.10604309142943,165.07469999999998,40
170,158.14827929962954,159.17320251464844,159.26102776599376,153.99460781092063,155.58456442577022,40
160,164.37445138747526,166.36566162109375,163.856903656359,166.3063597320805,164.34403333333336,40
175,172.19980787505946,170.17044067382812,175.373344586144,160.3536274571889,162.58200764921347,40
55,174.15554647763656,166.27392578125,174.67720424218314,172.20832590863,166.21853333333348,40
55,168.4954670352073,162.34494018554688,170.82496133347553,159.79993033971715,161.12089999999992,40
80,163.386593649385,163.1144256591797,164.69048964670895,158.51940308930338,161.19596918767502,40
80,170.62052761443456,166.7157745361328,170.81229035239437,169.90471582705487,170.03246666666655,40
35,164.18533130744717,159.53541564941406,164.9089536858829,161.4842061042035,158.54549999999998,40
180,165.82568729136617,165.0440673828125,165.46294889109762,167.17972362373752,165.27775261437898,40
170,171.51730465844156,164.7535858154297,173.15074341303995,165.42000747526163,165.50972696078432,40
175,167.16395794790475,162.4289093017578,169.73613859693128,157.5625238938428,158.35510238095233,40
140,177.8775719536962,173.49169921875,178.85156176229574,174.2418659114977,173.94209090909092,40
170,172.13162725671506,172.1913299560547,171.59650378090177,174.1291464584213,171.07962380952367,40
55,161.42408864296087,162.21173095703125,162.33899842038036,158.00890156309137,161.64550000000008,40
125,158.32629914233482,160.69447326660156,158.9448046797988,156.01753635084728,157.703857142857,40
120,158.27803084977705,160.4612274169922,157.3630191703098,161.69357365325052,164.6985511904762,40
120,177.64332996136588,172.2421112060547,178.117768210477,175.87234625286118,176.37381313131326,40
55,154.542017157403,157.85812377929688,153.4777740696714,158.51462004782022,158.9556190476189,40
40,164.97975377025747,158.3817901611328,165.70796934206354,162.26149222234983,156.88404761904755,40
175,166.99535893627646,163.64901733398438,166.99014272649433,167.014820579127,169.64511981792722,40
75,156.72319433045269,159.8693389892578,155.92011810234942,159.72091689787118,159.3819999999999,40
65,167.99086124491825,170.8340606689453,167.74494056654402,168.90882724095516,170.55926666666667,40
70,167.62793503755876,159.19775390625,168.66410696521478,163.7601334365192,158.71949999999998,40
140,168.84483496015505,171.614013671875,166.0308584042646,179.34887461219813,170.3720333333333,40
150,167.18252889381833,164.51734924316406,167.85983965757433,164.6542732426541,162.31660476190476,40
155,168.7455040302899,167.43392944335938,169.63418203441807,165.42825009606634,164.96862222222228,40
165,172.3150553175785,163.8939971923828,174.66919703378227,163.5275277796275,161.36234036796532,40
160,172.62158747647564,168.60438537597656,174.76527434480394,164.61962032371255,169.18911814574304,40
140,169.37685644490213,163.4288787841797,171.9267011070281,159.858810815372,157.22620862193358,40
160,169.37685644490213,163.4288787841797,171.9267011070281,159.858810815372,157.22620862193358,40
160,184.87018162437155,168.30906677246094,188.43657481153275,171.55755555738907,171.8258415584414,40
190,134.07774505160722,138.822998046875,133.13040246441807,134.3407136237821,157.25316666666666,45
180,138.0312808725411,144.478271484375,126.73506674984276,148.667312227904,157.39166666666665,45
170,138.11890490429778,137.99742126464844,135.85559007081676,140.46136140834423,159.32466666666676,45
175,111.94132996626848,137.6053466796875,118.53809878913495,101.32750817370018,152.23249999999996,45
160,111.94132996626848,137.6053466796875,118.53809878913495,101.32750817370018,152.23249999999996,45
170,121.98146038371641,129.12554931640625,124.75651359758716,118.062893896965,154.53499999999997,45
160,116.25617839149686,129.79490661621094,121.04343357270767,109.31456446462019,149.23833333333332,45
170,89.23270035884586,133.69100952148438,80.14105777414707,91.91825818501006,134.7641666666667,45
170,98.23196963721239,126.21347045898438,91.06711133744723,101.40378107145492,136.05633333333338,45
190,128.98971093474148,139.74143981933594,129.47907884297302,126.8786952539927,155.18666666666664,45
180,103.05382392433741,125.66200256347656,99.22740826464936,103.6011161425977,116.96666666666664,45
170,106.99471117600727,139.3229522705078,107.25518629702671,101.89089467179792,147.81416666666672,45
170,106.99471117600727,139.3229522705078,107.25518629702671,101.89089467179792,147.81416666666672,45
180,99.45870370110319,127.32205963134766,95.85797968946578,98.98804699625882,115.99099999999999,45
190,118.4505405601127,138.5255889892578,107.53694991083621,126.65487574873578,149.00583333333327,45
140,79.71703777254629,123.1319808959961,81.94136245052442,70.93789318200105,131.6166666666667,45
170,120.10242916884485,138.04751586914062,109.81784718392164,127.97945537546275,149.6371666666667,45
160,77.95878755344303,125.08826446533203,78.35613849940302,70.50013420206112,130.61333333333346,45
170,113.84832129466392,138.1573028564453,121.78068952941977,102.0656365609194,151.5308333333333,45
190,97.79890317421561,134.63253784179688,99.20529335126018,90.84429403844557,135.66083333333347,45
175,128.9534879912281,141.71861267089844,113.86301982263376,142.5407842774819,146.10833333333338,45
175,89.1082809101421,126.26248168945312,92.85683119046683,79.70046276364337,143.2949999999999,45
160,96.11698770954654,134.0637969970703,96.36845493699583,90.1818805778448,136.0808333333334,45
170,83.23104393942958,132.1222686767578,67.89962305453562,91.66129686507527,133.02083333333337,45
160,101.59033991267708,132.0667724609375,81.2723025800838,117.89640002282468,148.69250000000008,45
160,119.3404115729991,137.94261169433594,110.64510234109417,125.4870495606858,145.32050000000004,45
170,118.67190537778158,138.43370056152344,110.17017710804215,124.44627170455117,144.88666666666657,45
175,106.90621181438466,137.04624938964844,84.41121835340967,125.49819464642741,149.03550000000004,45
170,107.41879920683795,128.9212646484375,108.54720392671456,103.04321593231865,141.73316666666665,45
155,78.94416549934945,127.32855224609375,85.91100499613604,64.55132304127827,135.1179166666667,45
150,86.45591843919317,127.43160247802734,92.87675455342803,73.73213374076528,138.16708333333332,45
160,86.0952623626138,127.56423950195312,93.19361920199803,72.60190930509157,138.67541666666668,45
160,86.09793149321382,127.43451690673828,92.4241354432534,73.41733704346889,137.92875000000004,45
165,92.66626073997222,129.01736450195312,104.18703949356619,75.3969940446069,138.1791666666667,45
165,92.66626073997222,129.01736450195312,104.18703949356619,75.3969940446069,138.1791666666667,45
160,71.08059145249291,125.3007583618164,71.63269605425306,62.4022441342087,135.50633333333334,45
170,91.1181729851797,125.88169860839844,99.88643849665264,76.91306800869224,124.73716666666665,45
160,86.63465677260221,127.292236328125,98.38570703458696,68.48466444429779,119.00049999999999,45
175,78.11592299312795,123.84004974365234,79.26601330859536,70.09449446422755,143.158,45
170,70.85664382613294,125.20632934570312,72.28057907267106,61.26360490303293,135.82133333333337,45
160,77.59541399799835,124.77665710449219,73.32160977280886,74.92600038546458,143.22549999999998,45
160,70.15431380403675,124.02315521240234,58.80829450582783,73.74715385141016,143.16383333333332,45
170,65.60922846989452,124.46552276611328,60.62335270861763,61.92447304546407,135.4446666666667,45
150,71.37662250838922,125.29784393310547,71.96371442410106,62.70706783334448,135.6696666666667,45
165,66.97253294255356,125.53683471679688,64.8791825956539,60.36101719590495,130.4658333333334,45
160,67.458246756868,126.40875244140625,68.26896747806506,57.80665533842682,131.6041666666667,45
170,118.67190537778158,138.43370056152344,110.17017710804215,124.44627170455117,144.88666666666657,45
175,106.90621181438466,137.04624938964844,84.41121835340967,125.49819464642741,149.03550000000004,45
170,118.67190537778158,138.43370056152344,110.17017710804215,124.44627170455117,144.88666666666657,45
175,106.90621181438466,137.04624938964844,84.41121835340967,125.49819464642741,149.03550000000004,45
170,118.67190537778158,138.43370056152344,110.17017710804215,124.44627170455117,144.88666666666657,45
175,106.90621181438466,137.04624938964844,84.41121835340967,125.49819464642741,149.03550000000004,45
170,106.99471117600727,139.3229522705078,107.25518629702671,101.89089467179792,147.81416666666672,45
180,87.63133011237765,125.81204223632812,95.08569772823961,74.26430258225393,147.85249999999994,50
180,71.2613502949718,121.6883544921875,69.33388818994193,65.6968223563348,131.4966666666667,50
140,71.2613502949718,121.6883544921875,69.33388818994193,65.6968223563348,131.4966666666667,50
192,80.7270171109128,125.4126968383789,88.92098657944236,65.62731762673036,144.74000000000004,50
145,76.62523628873465,122.15292358398438,74.7653852164542,71.72421687755272,131.27833333333342,50
205,68.91104651819124,124.33267974853516,71.12820186791899,58.34305603881204,142.07800000000003,50
135,78.4971208975191,122.36526489257812,76.79387073062036,73.68355084311352,132.0375000000001,50
186,86.1282671218734,125.59390258789062,95.30580682740975,70.79942435414463,145.40166666666667,50
155,46.94060574483059,120.2014389038086,33.80811788131389,49.46698354984204,125.78666666666673,50
175,93.9157547594663,125.88015747070312,105.82386168400971,76.9049792721329,147.52916666666664,50
162,46.89793048754154,120.02584838867188,33.80811788131389,49.40036768333108,125.13216666666673,50
162,95.6324243830437,126.04288482666016,100.49001124019306,86.09456265979702,149.68333333333325,50
145,71.2613502949718,121.6883544921875,69.33388818994193,65.6968223563348,131.4966666666667,50
195,77.67203073659378,124.45417785644531,83.53057185370928,64.65703727513414,143.2866666666667,50
138,79.3348391029922,122.31700134277344,77.62796547484287,74.65753352322321,132.64583333333343,50
210,68.91104651819124,124.33267974853516,71.12820186791899,58.34305603881204,142.07800000000003,50
130,77.7339870410779,123.88961029052734,72.51771587426374,76.18586153647428,130.60833333333352,50
200,68.94922929569704,124.44290924072266,71.12820186791899,58.409671905322995,142.35800000000003,50
148,69.6178747663179,121.4702377319336,69.55399728911208,61.92632747319267,128.85083333333338,50
184,81.74145893394868,125.59390258789062,89.7959881252456,66.90960851933872,145.02500000000003,50
140,70.5536737359381,121.73661041259766,69.0366651681184,64.45454774131548,130.40833333333342,50
215,68.91104651819124,124.33267974853516,71.12820186791899,58.34305603881204,142.07800000000003,50
125,78.75370476384552,123.78033447265625,73.32987452836022,77.58762755984596,131.02833333333353,50
198,78.54275697947176,124.58834075927734,85.28615174576584,64.7292644894613,144.21000000000004,50
152,63.81111686635365,121.42361450195312,61.394649536410384,57.67381250618325,128.42750000000007,50
172,93.9157547594663,125.88015747070312,105.82386168400971,76.9049792721329,147.52916666666664,50
145,70.01849277929036,121.6883544921875,69.14540846731184,63.18525256740713,130.49666666666673,50
208,68.91104651819124,124.33267974853516,71.12820186791899,58.34305603881204,142.07800000000003,50
134,78.4971208975191,122.36526489257812,76.79387073062036,73.68355084311352,132.0375000000001,50
188,81.60528078656894,125.54728698730469,89.7959881252456,66.62018532174245,144.92333333333335,50
140,77.34626489365097,121.97249603271484,79.71174400081293,68.24095409930815,130.69833333333344,50
218,68.91104651819124,124.33267974853516,71.12820186791899,58.34305603881204,142.07800000000003,50
148,63.94729553812671,121.4702377319336,61.394649536410384,57.96323570377952,128.52916666666673,50
196,77.67203073659378,124.45417785644531,83.53057185370928,64.65703727513414,143.2866666666667,50
127,77.7339870410779,123.88961029052734,72.51771587426374,76.18586153647428,130.60833333333352,50
182,86.1282671218734,125.59390258789062,95.30580682740975,70.79942435414463,145.40166666666667,50
136,79.3348391029922,122.31700134277344,77.62796547484287,74.65753352322321,132.64583333333343,50
212,68.91104651819124,124.33267974853516,71.12820186791899,58.34305603881204,142.07800000000003,50
144,70.01849277929036,121.6883544921875,69.14540846731184,63.18525256740713,130.49666666666673,50
165,94.25589926695709,126.26815795898438,101.91305389347484,81.60342657927598,148.88666666666657,50
140,71.2613502949718,121.6883544921875,69.33388818994193,65.6968223563348,131.4966666666667,50
