true_Strength_28d,true_Strength_7d,true_Slump_30,true_Slump_90,pred_Strength_28d,pred_Strength_7d,pred_Slump_30,pred_Slump_90,Concrete_Class
32.2,25.2,180,115,31.732452392578125,24.857200622558594,91.44075775146484,74.39315032958984,15
25.4,20.0,95,110,29.792009353637695,24.12918472290039,165.47747802734375,150.49679565429688,15
27.0,20.4,150,140,29.856992721557617,24.18931770324707,162.69224548339844,146.74649047851562,15
32.2,27.2,50,115,34.00601577758789,26.239112854003906,167.7313690185547,146.4385528564453,15
26.4,22.1,150,110,29.291820526123047,22.561979293823242,162.3280487060547,140.5389404296875,15
30.5,26.2,120,140,30.3872013092041,23.208803176879883,149.11598205566406,117.74897766113281,15
25.7,18.8,140,100,29.192813873291016,24.178918838500977,169.20773315429688,144.54449462890625,15
28.1,19.2,170,100,28.7445125579834,20.859567642211914,157.8994140625,136.28021240234375,15
29.1,18.9,175,130,32.220458984375,24.52253532409668,151.81471252441406,137.36509704589844,15
22.355,18.349,175,145,31.419309616088867,25.38498306274414,171.29412841796875,156.04180908203125,15
28.657,24.302,180,140,29.453964233398438,23.623090744018555,166.4460906982422,151.65206909179688,15
21.96666666666667,21.888,155,140,31.102407455444336,24.089359283447266,159.27847290039062,149.95791625976562,15
29.93,25.7,65,35,33.33159255981445,24.688447952270508,28.878753662109375,30.7398681640625,15
28.02,16.969,62,68,34.11198425292969,27.296876907348633,34.137542724609375,21.321502685546875,15
26.67,19.255,62,52,33.63317108154297,27.265457153320312,34.454833984375,17.779571533203125,15
31.64,21.604,22,18,31.922046661376953,24.3866024017334,82.60536193847656,62.928985595703125,15
35.03,28.8,77,27,32.331138610839844,23.560789108276367,41.3563232421875,35.794830322265625,15
40.55,35.188,56,40,32.79806137084961,24.150453567504883,44.352203369140625,37.63146209716797,15
38.22,30.097,53,28,33.0037727355957,26.229263305664062,119.56378173828125,99.24370574951172,15
31.25,22.746,45,30,33.16452407836914,24.343473434448242,29.080322265625,29.009735107421875,15
38.98,30.83,22,20,34.4593620300293,26.86666488647461,50.95600891113281,26.427276611328125,15
37.94,27.05,30,28,34.07979202270508,26.934444427490234,41.15303039550781,22.959487915039062,15
36.7,28.1,27,43,32.35497283935547,25.186962127685547,28.267990112304688,19.753524780273438,15
29.73,21.39,32,34,31.312088012695312,23.767915725708008,31.896697998046875,18.892410278320312,15
35.72,29.75,28,27,33.18004608154297,25.244155883789062,48.00798034667969,40.65978240966797,15
33.92,29.72,23,22,33.57683181762695,24.252614974975586,35.58638000488281,30.851486206054688,15
32.35,25.23,50,52,33.897220611572266,25.184614181518555,27.177444458007812,30.770767211914062,15
34.62,29.48,23,39,33.99163055419922,26.184642791748047,42.246490478515625,27.026123046875,15
24.21,19.59,165,168,31.20937156677246,24.631839752197266,162.93179321289062,150.49710083007812,15
26.8,22.09,168,155,31.216474533081055,24.781511306762695,164.5425567626953,153.4456329345703,15
29.92,21.57,149,173,29.937847137451172,24.96435546875,175.0787353515625,157.41796875,15
34.49,24.66,156,152,29.67557716369629,23.564096450805664,165.39198303222656,149.7196044921875,15
31.21,22.72,172,146,28.877389907836914,21.439489364624023,174.01048278808594,153.77926635742188,15
36.27,30.09,165,168,31.523305892944336,24.46455192565918,156.50440979003906,148.2725830078125,15
34.49,24.66,156,152,29.616207122802734,21.72654914855957,164.98097229003906,143.9744415283203,15
35.72,29.75,28,27,30.268848419189453,22.59425163269043,168.73446655273438,148.86776733398438,15
31.19,25.85,195,145,35.81950378417969,26.40707015991211,73.5845718383789,48.60514831542969,15
35.35,28.59,200,145,35.25040054321289,29.050342559814453,166.06814575195312,156.27638244628906,15
25.72,19.86,195,170,28.70069694519043,23.435537338256836,159.75840759277344,151.66317749023438,15
31.67,29.12,190,150,28.03940773010254,21.45853614807129,138.75518798828125,126.0825424194336,15
31.18,27.05,200,155,29.25687599182129,23.073211669921875,176.1168212890625,154.91114807128906,15
29.4,21.7,190,155,28.012563705444336,21.92307472229004,149.4084930419922,137.62173461914062,15
23.3,21.9,190,170,29.840974807739258,23.42840003967285,169.8178253173828,152.46578979492188,15
35.35,28.59,200,170,33.78293991088867,27.79686164855957,170.00503540039062,148.78933715820312,15
35.35,28.59,200,155,32.906150817871094,26.781339645385742,171.59283447265625,145.0779571533203,15
27.3,19.3,160,160,30.243406295776367,23.359256744384766,153.84947204589844,135.16517639160156,15
36.6,29.2,165,150,30.641340255737305,23.642436981201172,147.43052673339844,130.7852783203125,15
37.0,31.3,160,155,29.031278610229492,22.515888214111328,167.3961181640625,148.66378784179688,15
34.1,26.3,165,155,30.086891174316406,23.386112213134766,155.06173706054688,136.58731079101562,15
30.8,23.5,170,160,30.112144470214844,23.592679977416992,153.296630859375,132.78733825683594,15
29.2,22.6,170,160,28.651935577392578,22.544647216796875,155.9720458984375,139.5692138671875,15
28.2,20.5,175,160,28.504919052124023,23.911388397216797,175.42706298828125,150.36770629882812,15
33.3,32.8,140,125,30.140216827392578,24.28677749633789,162.9979248046875,149.40054321289062,15
28.4,26.2,140,125,31.239822387695312,23.749019622802734,142.8744659423828,119.50906372070312,15
29.6,28.84,140,125,31.273128509521484,25.972660064697266,173.89642333984375,152.7918701171875,15
26.48,25.78,140,125,29.992921829223633,24.847814559936523,168.1990509033203,150.89437866210938,15
38.21,25.97,140,155,40.64092254638672,32.25788116455078,164.6171417236328,139.8433837890625,20
35.2,26.3,170,155,31.176740646362305,22.92009735107422,178.96400451660156,157.53536987304688,20
45.2,34.9,160,170,32.692237854003906,25.84151268005371,176.86721801757812,154.0318603515625,20
36.166,30.941,175,155,36.36359405517578,29.169456481933594,150.9375,133.03187561035156,20
40.192,34.534,75,45,35.335472106933594,24.287818908691406,61.92316436767578,48.22966766357422,20
38.476,32.292,60,35,33.355690002441406,26.533252716064453,49.228416442871094,38.80284881591797,20
37.365,29.679,75,45,36.4676513671875,29.2850341796875,45.30909729003906,26.637313842773438,20
32.551,31.361,50,50,34.562747955322266,25.47905158996582,86.62217712402344,66.03839874267578,20
28.922,28.043,70,40,36.673728942871094,27.196754455566406,51.915748596191406,35.16166687011719,20
36.375,26.337,75,60,35.22041320800781,25.97223663330078,86.09148406982422,61.952491760253906,20
37.59,30.59,75,60,33.73202133178711,26.2449951171875,66.3238296508789,53.40623474121094,20
34.65,33.93,200,165,32.69880676269531,26.019847869873047,175.60165405273438,153.76678466796875,20
34.22,28.66,200,175,33.881473541259766,27.702938079833984,178.75633239746094,165.6519317626953,20
36.8,27.3,170,140,31.656408309936523,24.54450035095215,151.16995239257812,140.63441467285156,20
36.7,30.4,170,150,32.97947692871094,24.3492374420166,135.4342498779297,116.89689636230469,20
46.2,38.6,190,150,45.92008590698242,37.247398376464844,204.19174194335938,180.01034545898438,25
55.5,38.1,185,145,48.78822708129883,43.12360382080078,196.87274169921875,168.93157958984375,25
57.4,44.64,180,145,39.6072883605957,33.601036071777344,206.01651000976562,187.86647033691406,25
61.1,43.35,200,140,43.68272018432617,37.10346603393555,197.44131469726562,172.0561065673828,25
60.2,45.06,190,110,46.63982009887695,39.50932693481445,192.11764526367188,166.7568817138672,25
55.7,42.4,190,140,45.293418884277344,37.15789031982422,193.56161499023438,165.1425018310547,25
57.3,45.2,195,140,46.95388412475586,38.09906005859375,191.2804412841797,160.6000213623047,25
60.7,48.7,185,160,45.59632873535156,37.343406677246094,194.021484375,166.85470581054688,25
52.7,49.6,190,165,37.930572509765625,30.43303680419922,192.17332458496094,182.9709930419922,25
51.0,48.7,200,150,45.89593505859375,37.689598083496094,196.83865356445312,185.00059509277344,25
45.3,34.0,180,200,42.372581481933594,34.78459167480469,184.05372619628906,176.4676971435547,25
53.0,41.7,190,200,47.02019119262695,37.879940032958984,191.62106323242188,167.58111572265625,25
45.5,38.6,200,180,45.96521759033203,37.48197937011719,191.35757446289062,171.80404663085938,25
45.5,37.8,145,140,46.516109466552734,36.81830596923828,187.99017333984375,173.53256225585938,25
37.9,26.4,190,170,40.28553009033203,34.78144836425781,188.20925903320312,183.024658203125,25
38.8,30.2,200,180,42.91535568237305,36.01607131958008,192.290771484375,176.93496704101562,25
47.1,37.5,170,180,47.80486297607422,38.96405029296875,193.13406372070312,175.3282470703125,25
47.7,43.8,180,180,40.150848388671875,33.04084014892578,171.6413116455078,155.041748046875,25
57.0,51.0,200,130,48.00277328491211,40.56482696533203,186.94766235351562,162.37802124023438,25
57.2,50.0,160,130,44.42919921875,35.899688720703125,181.2290496826172,170.19973754882812,25
49.6,40.2,160,160,52.87382125854492,40.650062561035156,192.7262725830078,155.09568786621094,25
53.6,50.2,190,175,47.624610900878906,39.83097839355469,183.50411987304688,165.15858459472656,25
46.5,36.4,190,155,47.57847595214844,39.88444137573242,183.0929412841797,164.57086181640625,25
43.3,34.9,190,185,46.37960433959961,39.29694366455078,187.23367309570312,168.23464965820312,25
43.8,37.4,170,170,38.27279281616211,30.772857666015625,177.82321166992188,175.76113891601562,25
41.89,34.7,200,190,46.517356872558594,37.40768051147461,179.3989715576172,170.5865478515625,25
40.2,33.2,180,170,42.33945846557617,34.46662902832031,177.76828002929688,157.4669952392578,25
38.1,30.2,190,125,37.711517333984375,30.639636993408203,175.46473693847656,170.5228271484375,25
38.2,30.7,170,170,36.059444427490234,28.376907348632812,180.9387664794922,174.3069610595703,25
39.6,30.2,180,170,40.6259880065918,32.47370529174805,169.12033081054688,158.8924102783203,25
35.0,27.9,170,170,42.480587005615234,34.4473876953125,190.70069885253906,158.74122619628906,25
43.9,36.1,190,165,33.98583221435547,28.42499542236328,173.45748901367188,158.87905883789062,25
38.81,30.09,180,165,44.41411590576172,35.83153533935547,188.8186798095703,163.98623657226562,25
42.0,31.9,185,175,45.30427169799805,37.45143127441406,187.19810485839844,158.61273193359375,25
27.0,20.7,180,160,42.50847625732422,34.892189025878906,189.81219482421875,157.37254333496094,25
45.0,34.8,200,170,41.479305267333984,34.63097381591797,193.5076446533203,165.96310424804688,25
36.1,33.4,185,160,39.39594268798828,33.483211517333984,194.72735595703125,163.70924377441406,25
45.13333333333333,37.2,185,160,44.28959655761719,37.305301666259766,177.05274963378906,126.39147186279297,25
41.53333333333333,34.7,190,160,44.23453140258789,37.34011459350586,177.87083435058594,127.4420166015625,25
40.69,32.2,180,160,47.84760284423828,37.90510559082031,188.28053283691406,166.22889709472656,25
38.6,34.8,185,163,47.787200927734375,37.46049499511719,192.9047393798828,150.6260223388672,25
45.7,36.5,183,80,42.328102111816406,35.39719772338867,192.6511688232422,151.7830352783203,25
39.01,26.7,188,165,42.833316802978516,35.092716217041016,184.87734985351562,151.9725341796875,25
48.85,34.4,181,54,42.5147590637207,34.04319381713867,189.86753845214844,169.45860290527344,25
42.91,37.61,180,155,43.554256439208984,36.022979736328125,188.33712768554688,160.47251892089844,25
30.1,24.75,173,155,46.591331481933594,39.610382080078125,185.13768005371094,163.44065856933594,25
47.92,38.26,200,156,42.325531005859375,34.43380355834961,188.7076416015625,166.47967529296875,25
39.68,30.86,190,190,47.4740104675293,39.06819152832031,197.51373291015625,158.01580810546875,25
39.13,31.36,200,167,43.418426513671875,35.704429626464844,184.3800506591797,176.20973205566406,25
49.68,40.12,178,153,43.994354248046875,35.59705352783203,178.7576141357422,161.93812561035156,25
35.07,29.76,196,190,46.21299743652344,34.907371520996094,180.05923461914062,154.44117736816406,25
51.72,43.53,205,170,47.38666915893555,38.298397064208984,192.70010375976562,175.59719848632812,25
49.88,41.1,220,165,43.4493293762207,36.63865661621094,187.84466552734375,167.81808471679688,25
43.81,40.26,188,168,41.10303497314453,33.580387115478516,194.98681640625,155.818603515625,25
51.81,43.04,190,193,45.938236236572266,37.23789596557617,186.8226318359375,167.60299682617188,25
49.46,43.07,200,180,44.70601272583008,36.475189208984375,186.6007080078125,158.26620483398438,25
53.35,44.42,172,102,46.927127838134766,39.09640121459961,192.12513732910156,168.24404907226562,25
37.94,32.87,188,190,44.593563079833984,36.98118209838867,193.5249786376953,169.0167236328125,25
50.88,41.91,162,158,45.0644645690918,36.853519439697266,183.26651000976562,162.08021545410156,25
47.63,38.82,178,155,45.95298767089844,34.95891571044922,178.59710693359375,154.0140838623047,25
47.48,39.95,163,174,47.59300231933594,37.801490783691406,186.4875946044922,167.66885375976562,25
51.63,44.44,168,152,44.69956588745117,35.73344421386719,186.4258575439453,165.0309295654297,25
38.64333333333334,31.39,178,156,44.5900764465332,35.74761199951172,181.65338134765625,167.6990203857422,25
39.81333333333333,32.416666666666664,182,162,46.301387786865234,34.9015998840332,180.4228973388672,154.49349975585938,25
39.586666666666666,34.55,188,164,47.67747116088867,37.64011764526367,185.35594177246094,169.25950622558594,25
39.79,32.776666666666664,180,160,43.51960754394531,35.3647346496582,185.35244750976562,163.25221252441406,25
38.44,34.3,195,180,41.63300323486328,35.36625671386719,200.3666534423828,166.66770935058594,25
42.93,37.88,215,170,43.438899993896484,35.097557067871094,184.9110870361328,178.82284545898438,25
44.58,34.91,210,180,41.0377082824707,32.45564270019531,183.38656616210938,185.95144653320312,25
30.42,25.83,215,205,36.93669128417969,29.530738830566406,191.20738220214844,180.5219268798828,25
32.02,22.18,200,200,42.90296936035156,34.00730514526367,190.60740661621094,169.85647583007812,25
43.22,40.27,200,175,41.295021057128906,32.92508316040039,182.8044891357422,164.3424530029297,25
51.26,40.27,190,185,43.817726135253906,35.357147216796875,178.47193908691406,159.53286743164062,25
48.67,45.99,195,170,44.39378356933594,37.6494140625,204.5995330810547,175.88970947265625,25
46.67,41.3,210,200,42.2918815612793,34.92688751220703,186.02818298339844,181.9185333251953,25
38.82,35.52,210,175,40.75094985961914,32.566383361816406,185.99227905273438,185.20220947265625,25
41.2,36.55,220,175,41.576637268066406,33.28208541870117,171.56948852539062,163.02772521972656,25
48.67,28.4,180,180,40.90343475341797,32.57181930541992,183.63670349121094,175.71267700195312,25
46.67,35.52,190,180,44.473270416259766,37.22135925292969,190.51011657714844,153.91192626953125,25
38.82,36.55,230,180,41.288272857666016,35.91083526611328,195.11497497558594,172.19175720214844,25
41.2,28.4,180,110,40.44284439086914,32.21881103515625,160.67471313476562,141.88609313964844,25
41.15,34.5,205,180,41.38383865356445,33.14934539794922,187.79237365722656,168.26449584960938,25
41.15,34.5,225,180,39.338871002197266,33.91226577758789,202.44679260253906,185.71881103515625,25
43.25,33.8,205,175,45.144073486328125,36.668209075927734,191.11325073242188,148.85818481445312,25
43.25,33.8,223,230,42.880252838134766,35.62004852294922,196.7417755126953,183.64231872558594,25
34.9,30.6,235,175,40.83806610107422,32.911651611328125,213.33726501464844,187.48744201660156,25
42.8,36.0,210,180,45.01788330078125,37.51082992553711,185.90895080566406,148.30645751953125,25
42.8,36.0,190,100,43.32997512817383,34.77915954589844,184.50132751464844,170.94906616210938,25
46.5,39.5,190,175,43.61799621582031,34.88539505004883,190.7617950439453,153.6275634765625,25
44.9,39.3,170,100,40.90316390991211,32.63249588012695,200.6492919921875,175.55206298828125,25
44.3,37.2,160,175,38.36944580078125,32.0729866027832,207.07354736328125,173.1553497314453,25
35.8,30.9,235,215,36.60107421875,30.26296615600586,220.62847900390625,200.5306854248047,25
43.35,36.1,215,175,38.629695892333984,33.27895736694336,210.94766235351562,190.36415100097656,25
40.5,28.0,85,175,39.928985595703125,32.7764892578125,179.08526611328125,173.9330596923828,25
34.5,29.1,225,110,40.689945220947266,33.19287872314453,185.4788055419922,170.72264099121094,25
31.7,29.3,195,180,42.86896514892578,35.570308685302734,208.87228393554688,179.97393798828125,25
40.6,34.7,180,175,41.918975830078125,32.32819747924805,180.24905395507812,182.3391571044922,25
35.6,35.4,200,150,38.88888931274414,31.210445404052734,193.91383361816406,173.8805389404297,25
40.5,30.5,60,200,39.82994079589844,33.326866149902344,143.06472778320312,183.18296813964844,25
32.3,31.3,210,180,37.67607116699219,32.37321472167969,186.44778442382812,178.65597534179688,25
37.7,34.6,210,175,39.3192024230957,32.93305206298828,189.7578125,190.93955993652344,25
40.5,28.0,200,150,38.43555450439453,31.084997177124023,167.71148681640625,154.69497680664062,25
34.5,29.1,210,200,37.97148895263672,30.39996910095215,193.12200927734375,186.7346649169922,25
31.7,29.3,205,175,45.74943161010742,37.07550048828125,189.90609741210938,168.42147827148438,25
40.6,34.7,180,180,40.83626937866211,33.020729064941406,192.9503631591797,181.58560180664062,25
35.6,35.4,215,200,39.05643844604492,32.233070373535156,175.97801208496094,180.09259033203125,25
40.5,30.5,225,200,43.0964469909668,36.87749481201172,187.1875,178.61024475097656,25
44.9,39.3,220,180,41.80183792114258,33.64097595214844,194.1329803466797,180.73716735839844,25
44.3,37.2,215,175,44.28127670288086,38.50973892211914,203.0198974609375,172.6660614013672,25
44.3,37.2,210,155,44.65406036376953,37.70110321044922,205.17376708984375,177.68138122558594,25
45.6,37.4,200,185,48.29060745239258,40.57380294799805,194.58688354492188,163.9809112548828,25
42.7,36.5,225,180,47.76841354370117,40.040626525878906,194.15457153320312,166.77780151367188,25
42.8,33.9,220,180,47.10061264038086,38.83107376098633,194.17311096191406,167.7348175048828,25
44.0,39.6,220,185,41.51435089111328,35.315711975097656,189.72579956054688,178.03623962402344,25
36.9,34.7,200,190,42.86798095703125,36.22990417480469,183.509765625,167.5928497314453,25
39.2,35.3,190,180,38.98190689086914,32.50186538696289,175.52694702148438,180.80148315429688,25
43.7,39.2,190,130,46.64151382446289,39.29484558105469,179.5307159423828,161.19190979003906,25
46.0,39.2,190,180,42.55799102783203,35.491817474365234,208.30860900878906,176.85507202148438,25
42.7,38.7,230,180,44.46677780151367,36.96556091308594,201.1921844482422,183.68736267089844,25
46.7,38.1,210,185,46.672054290771484,38.535255432128906,194.6417236328125,168.20843505859375,25
39.7,31.6,215,185,42.86896514892578,35.570308685302734,208.87228393554688,179.97393798828125,25
43.4,38.1,220,180,42.50193405151367,33.68540573120117,193.11720275878906,177.86793518066406,25
45.6,34.9,205,190,41.623809814453125,33.966766357421875,192.10389709472656,180.76866149902344,25
38.3,32.9,225,195,44.42677688598633,35.48951721191406,205.35394287109375,174.23426818847656,25
47.0,42.3,220,185,44.42677688598633,35.48951721191406,205.35394287109375,174.23426818847656,25
42.93,37.88,215,170,44.35199737548828,37.085601806640625,180.8867645263672,172.1631622314453,25
44.58,34.91,210,180,41.53395080566406,33.00727081298828,181.7981414794922,179.0640869140625,25
42.8,36.0,210,180,44.630516052246094,37.118717193603516,187.69305419921875,161.9718017578125,25
46.5,39.5,190,175,43.12709045410156,34.85800552368164,183.39016723632812,166.60194396972656,25
43.35,36.1,215,175,39.370635986328125,32.42207336425781,210.19818115234375,191.18931579589844,25
40.6,34.7,180,180,40.21940612792969,33.398311614990234,184.00013732910156,170.14065551757812,25
40.5,30.5,225,200,41.89534378051758,34.02233123779297,187.51290893554688,174.2285614013672,25
44.9,39.3,220,180,41.98856735229492,35.42535400390625,188.71763610839844,175.63743591308594,25
44.3,37.2,215,175,48.29060745239258,40.57380294799805,194.58688354492188,163.9809112548828,25
30.42,25.83,215,205,42.01106262207031,36.09225082397461,192.6238555908203,186.1494598388672,25
32.02,22.18,200,200,47.54103088378906,38.031585693359375,187.22039794921875,178.2098388671875,25
43.22,40.27,200,175,44.62727355957031,36.9708251953125,197.84774780273438,157.3276824951172,25
51.26,40.27,190,175,48.282588958740234,37.921287536621094,183.9388885498047,168.13180541992188,25
48.67,45.99,195,170,45.997867584228516,36.67757034301758,187.969970703125,171.21498107910156,25
46.67,41.35,210,200,44.4947509765625,36.55675506591797,185.89678955078125,180.3704833984375,25
38.82,35.52,210,175,40.1422004699707,32.629981994628906,178.87515258789062,177.46751403808594,25
41.2,36.55,220,175,43.74714660644531,35.98236083984375,192.1495819091797,141.9225616455078,25
41.2,28.4,180,180,40.1422004699707,32.629981994628906,178.87515258789062,177.46751403808594,25
48.67,45.99,190,118,42.32079315185547,35.954795837402344,179.79518127441406,154.83692932128906,25
46.67,41.35,230,180,39.551334381103516,32.80772399902344,173.14236450195312,174.7973175048828,25
38.82,35.52,180,110,43.03242111206055,35.956581115722656,187.9391632080078,134.23849487304688,25
41.15,34.5,205,180,36.525211334228516,31.41733169555664,187.72068786621094,176.2157745361328,25
41.15,34.5,225,180,39.62692642211914,34.47600173950195,205.28695678710938,188.08502197265625,25
43.25,33.8,205,175,41.02954864501953,33.09355926513672,196.40798950195312,171.53111267089844,25
34.9,30.6,235,175,43.05682373046875,35.71072769165039,199.7802734375,184.5803680419922,25
42.8,36.0,190,100,45.3001708984375,36.68953323364258,186.75340270996094,164.69410705566406,25
38.44,34.3,170,215,42.014869689941406,35.391517639160156,186.85586547851562,170.20755004882812,25
42.93,37.88,160,175,41.19664001464844,33.71493148803711,183.99111938476562,178.82876586914062,25
35.8,30.9,235,215,41.86585998535156,36.42638397216797,202.9863739013672,180.0279541015625,25
43.35,36.1,215,215,38.114784240722656,33.164817810058594,222.27256774902344,190.5640106201172,25
38.44,34.3,85,175,41.63512420654297,36.113433837890625,196.52224731445312,171.3306121826172,25
42.93,37.88,225,110,40.221336364746094,33.50746154785156,178.29539489746094,169.43032836914062,25
44.58,34.91,195,180,43.30263900756836,34.463035583496094,204.91708374023438,174.08912658691406,25
30.42,25.83,180,175,40.727115631103516,31.799243927001953,193.177978515625,180.52098083496094,25
32.02,22.18,200,150,47.271385192871094,38.611602783203125,191.51760864257812,160.6757049560547,25
32.02,22.18,60,200,41.39008712768555,34.18661117553711,163.3467254638672,178.7518310546875,25
31.3,31.3,210,180,38.98190689086914,32.50186538696289,175.52694702148438,180.80148315429688,25
34.6,30.9,210,175,39.82221984863281,33.200889587402344,192.0700225830078,178.23397827148438,25
38.0,36.1,200,150,39.37052917480469,31.803619384765625,182.5458984375,173.22666931152344,25
39.1,34.3,210,200,39.4700927734375,32.001956939697266,191.83949279785156,181.61827087402344,25
38.44,34.3,195,180,40.873435974121094,33.112937927246094,202.289794921875,160.37652587890625,25
48.67,45.99,190,180,44.473270416259766,37.22135925292969,190.51011657714844,153.91192626953125,25
43.35,36.1,170,175,38.6164665222168,32.096534729003906,198.98304748535156,193.60401916503906,25
38.44,34.3,160,175,39.445106506347656,33.72627639770508,195.86648559570312,177.58616638183594,25
44.58,34.91,195,175,44.20428466796875,37.415977478027344,196.119384765625,172.2131805419922,25
30.42,25.83,180,150,40.21940612792969,33.398311614990234,184.00013732910156,170.14065551757812,25
32.02,22.18,200,200,47.271385192871094,38.611602783203125,191.51760864257812,160.6757049560547,25
30.42,25.83,60,180,38.59471130371094,32.51363754272461,166.3222198486328,169.29005432128906,25
31.3,31.3,210,180,39.48733901977539,32.41265106201172,185.00796508789062,183.60365295410156,25
34.6,25.83,210,175,38.10927200317383,30.866226196289062,191.20736694335938,187.89239501953125,25
28.0,22.18,200,150,41.492034912109375,32.766143798828125,187.6939239501953,166.23062133789062,25
29.1,20.27,210,200,40.025814056396484,32.628929138183594,181.5992431640625,174.29637145996094,25
51.26,40.27,190,175,45.56105041503906,35.861854553222656,192.76254272460938,173.6550750732422,25
46.67,41.35,210,200,42.61104965209961,36.10045623779297,194.44261169433594,180.8894500732422,25
41.2,28.4,180,180,40.90343475341797,32.57181930541992,183.63670349121094,175.71267700195312,25
41.15,34.5,190,175,42.46062469482422,32.24256896972656,164.73585510253906,149.38540649414062,25
43.25,33.8,230,230,39.27103042602539,32.3876953125,163.63040161132812,168.21023559570312,25
43.25,33.8,180,110,40.44284439086914,32.21881103515625,160.67471313476562,141.88609313964844,25
43.25,33.8,223,230,40.865325927734375,34.500587463378906,203.4437713623047,182.62039184570312,25
35.8,30.9,170,175,43.74261474609375,35.76947021484375,192.3671875,152.54286193847656,25
43.35,36.1,160,175,38.74567413330078,32.04147720336914,194.6147003173828,180.59451293945312,25
42.93,37.88,85,175,40.177940368652344,33.23505783081055,193.20980834960938,163.56201171875,25
46.67,41.35,225,110,39.37206268310547,31.767005920410156,169.79884338378906,173.71888732910156,25
44.58,34.91,195,180,42.03655242919922,33.47496795654297,197.048095703125,176.6158447265625,25
43.22,40.27,180,175,41.918975830078125,32.32819747924805,180.24905395507812,182.3391571044922,25
48.67,45.99,200,150,38.88888931274414,31.210445404052734,193.91383361816406,173.8805389404297,25
48.67,45.99,60,200,38.49175262451172,31.165142059326172,162.1576690673828,177.83026123046875,25
34.6,25.99,210,175,38.9245491027832,31.406875610351562,190.66041564941406,183.60324096679688,25
28.0,24.5,200,150,39.37052917480469,31.803619384765625,182.5458984375,173.22666931152344,25
29.1,26.0,210,200,40.66569519042969,32.57342529296875,188.1812744140625,175.1549530029297,25
48.8,34.7,170,190,46.77754211425781,37.14735794067383,180.82241821289062,162.82553100585938,25
44.0,33.5,170,160,45.38768005371094,35.489280700683594,178.3562774658203,162.62063598632812,25
42.7,33.0,160,160,46.02116775512695,38.038352966308594,195.2627410888672,168.6685028076172,25
44.8,33.1,175,170,45.847862243652344,34.29191589355469,184.50828552246094,163.82630920410156,25
42.1,32.1,170,170,44.73758316040039,34.16831970214844,186.8527374267578,154.653564453125,25
42.3,33.5,165,155,48.36733627319336,39.28974151611328,191.2616729736328,169.42324829101562,25
44.1,34.1,165,170,43.31420135498047,34.92075729370117,162.5437774658203,168.06747436523438,25
41.9,32.5,160,155,43.0443000793457,31.72223663330078,118.0557861328125,111.65821838378906,25
51.9,46.31,165,155,48.3377571105957,39.058509826660156,199.39727783203125,169.8656463623047,25
42.9,41.19,165,170,43.31833267211914,35.863059997558594,190.62513732910156,161.37155151367188,25
44.4,41.08,160,155,46.059417724609375,38.177825927734375,195.3997039794922,167.534423828125,25
50.7,40.39,170,170,44.693077087402344,36.27451705932617,188.8116912841797,159.4263153076172,25
50.5,41.98,160,170,46.03654861450195,37.466575622558594,191.01217651367188,163.62066650390625,25
51.9,41.17,150,160,40.38453674316406,33.22517395019531,179.8581085205078,183.0487823486328,25
48.2,42.3,160,150,45.194183349609375,38.227294921875,190.7252960205078,173.628173828125,25
48.2,37.84,160,150,47.177947998046875,38.46525573730469,197.87344360351562,171.27720642089844,25
45.2,33.41,160,150,47.359622955322266,39.051334381103516,184.02488708496094,176.49920654296875,25
42.9,34.1,180,170,46.92882537841797,37.649078369140625,182.1546630859375,166.04757690429688,25
44.4,36.4,190,180,46.71118927001953,37.91151428222656,173.6705780029297,165.37728881835938,25
50.7,42.2,200,190,47.41331100463867,38.718719482421875,188.86314392089844,164.2259521484375,25
50.5,44.9,180,180,48.58927536010742,39.76927947998047,192.30674743652344,174.2151336669922,25
51.9,46.31,190,155,48.3377571105957,39.058509826660156,199.39727783203125,169.8656463623047,25
48.83,41.19,180,170,43.91684341430664,36.17333221435547,182.7748565673828,168.7113494873047,25
48.63,41.08,195,155,45.1121826171875,36.8024787902832,195.9439697265625,167.9564971923828,25
47.88,40.39,190,170,43.010894775390625,34.84880065917969,175.45355224609375,167.78106689453125,25
48.89,41.98,190,170,42.446083068847656,34.1466178894043,175.16932678222656,169.55987548828125,25
47.98,41.17,185,160,43.532108306884766,34.56577682495117,184.97877502441406,170.68260192871094,25
47.75,42.3,180,150,41.10405349731445,33.13094711303711,178.18077087402344,178.60287475585938,25
46.1,35.5,180,185,46.38076400756836,35.049530029296875,181.63327026367188,157.64833068847656,30
46.1,35.5,180,158,46.539512634277344,36.93785858154297,174.24234008789062,151.40765380859375,30
43.2,32.8,165,145,43.57402038574219,34.209312438964844,174.47372436523438,152.7431640625,30
50.4,38.9,195,170,50.951454162597656,41.14603042602539,202.9541778564453,169.63160705566406,30
45.1,34.6,175,150,45.243011474609375,34.66641616821289,167.739501953125,154.78811645507812,30
48.3,37.2,185,160,48.8525505065918,36.44173812866211,187.1037139892578,163.71392822265625,30
41.8,31.5,155,132,41.55995559692383,32.751792907714844,147.7507781982422,135.14498901367188,30
51.2,39.8,205,180,52.482845306396484,41.05099868774414,210.47003173828125,172.67724609375,30
43.9,33.1,168,144,45.184547424316406,35.502227783203125,172.5061798095703,151.3153533935547,30
48.9,37.6,188,164,50.365943908691406,38.982666015625,188.88656616210938,164.54331970214844,30
45.8,34.9,172,148,45.157169342041016,34.417205810546875,181.75958251953125,158.33026123046875,30
50.8,39.2,198,171,51.5507698059082,40.23870849609375,205.18324279785156,171.98583984375,30
40.9,30.8,150,125,41.688751220703125,33.12012481689453,162.23284912109375,141.3932647705078,30
46.8,36.1,182,158,45.853233337402344,35.850914001464844,176.12826538085938,155.46983337402344,30
44.9,34.3,170,146,45.831382751464844,35.782859802246094,166.91302490234375,152.7921905517578,30
52.0,40.1,210,182,52.265262603759766,40.3016357421875,198.8189697265625,165.47152709960938,30
42.5,32.4,160,136,40.97227478027344,32.28733825683594,156.77940368652344,141.26710510253906,30
49.5,38.0,190,163,49.296539306640625,37.12222671508789,184.5755615234375,168.31153869628906,30
43.4,33.0,162,138,42.319000244140625,34.016761779785156,166.19175720214844,146.9092559814453,30
53.2,41.0,215,186,52.579437255859375,42.649166107177734,202.15953063964844,175.25949096679688,30
46.3,35.7,178,154,45.6500244140625,34.89240646362305,180.27354431152344,168.5315704345703,30
41.6,31.7,158,134,42.90292739868164,35.32916259765625,162.11912536621094,136.87181091308594,30
49.0,37.9,187,162,47.94375228881836,38.11312484741211,187.33290100097656,168.7373046875,30
47.1,36.4,184,159,45.98768615722656,36.61796951293945,179.56671142578125,159.02017211914062,30
40.2,30.5,148,122,42.36921691894531,32.66069793701172,164.54244995117188,146.78187561035156,30
52.4,40.5,208,180,52.26710510253906,40.37229537963867,209.34207153320312,176.55816650390625,30
43.3,32.9,166,142,45.21088409423828,34.38351821899414,169.5938720703125,147.02685546875,30
50.0,38.6,192,165,47.579349517822266,39.00054168701172,190.19561767578125,177.43801879882812,30
45.4,34.8,174,150,45.45904541015625,34.03932571411133,179.00445556640625,141.8612823486328,30
48.0,36.9,186,160,46.68419647216797,36.744441986083984,180.29330444335938,163.6366424560547,30
54.0,42.2,220,190,52.230499267578125,42.21896743774414,205.14749145507812,177.11114501953125,30
42.0,31.9,159,134,42.952354431152344,33.677669525146484,154.44430541992188,141.65953063964844,30
50.3,38.7,194,168,49.564056396484375,37.250450134277344,186.90834045410156,172.1678009033203,30
44.0,33.4,169,144,42.88846969604492,34.0855598449707,172.3263397216797,148.80038452148438,30
46.2,35.6,180,155,47.03490447998047,36.329463958740234,177.4290771484375,158.45559692382812,30
53.6,41.3,214,186,49.23548889160156,41.188751220703125,196.89175415039062,169.52749633789062,30
45.0,34.5,176,150,44.10231399536133,35.583866119384766,173.41880798339844,138.6854248046875,30
51.0,39.4,199,172,50.56646728515625,37.420204162597656,193.9951629638672,165.53173828125,30
39.8,30.2,145,120,43.68703079223633,33.78154754638672,168.36044311523438,147.79232788085938,30
47.5,36.7,183,158,45.98834991455078,37.00883865356445,186.68060302734375,163.1561737060547,30
52.8,40.9,212,184,52.26710510253906,40.37229537963867,209.34207153320312,176.55816650390625,30
45.7,35.0,173,149,44.251251220703125,35.33788299560547,178.46905517578125,162.7353515625,30
49.6,38.2,191,164,50.31740951538086,36.05943298339844,186.29000854492188,165.97317504882812,30
42.2,32.1,161,136,42.25737762451172,31.070112228393555,143.76406860351562,129.23477172851562,30
52.2,40.3,207,180,52.135719299316406,40.799713134765625,209.13540649414062,173.4530029296875,30
44.3,33.6,168,143,42.298248291015625,33.979427337646484,159.03599548339844,143.76220703125,30
46.7,36.0,181,156,45.657283782958984,35.848297119140625,175.68124389648438,154.4890899658203,30
41.5,31.6,157,132,41.876502990722656,32.837066650390625,160.9425811767578,140.91209411621094,30
53.8,41.5,216,188,51.8978385925293,40.3709716796875,206.6035614013672,177.30447387695312,30
45.2,34.4,174,149,43.695030212402344,35.50546646118164,172.34674072265625,138.16842651367188,30
50.5,38.8,193,166,48.39279556274414,37.841129302978516,196.72705078125,166.09512329101562,30
61.1,45.26,200,185,48.82432174682617,43.51416015625,149.44723510742188,132.6015625,35
65.5,52.4,200,185,54.854408264160156,45.35542678833008,177.86734008789062,159.64312744140625,35
53.2,47.6,195,185,51.31393051147461,38.842247009277344,171.42127990722656,156.50399780273438,35
52.7,50.4,180,165,49.35352325439453,38.343528747558594,169.74400329589844,171.7293243408203,35
48.6,41.1,210,120,48.20792770385742,40.89344787597656,195.92665100097656,184.7914276123047,35
48.2,32.5,200,180,47.713932037353516,40.00722122192383,174.93173217773438,139.31683349609375,35
49.8,39.8,180,155,57.39325714111328,48.27716827392578,160.3351593017578,139.1618194580078,35
49.4,38.8,190,110,48.15364074707031,40.51293182373047,190.72422790527344,157.72079467773438,35
49.4,40.0,170,155,47.85390853881836,41.16152572631836,191.99671936035156,172.60279846191406,35
54.6,45.9,180,155,45.4538459777832,38.49394226074219,205.82777404785156,183.3020477294922,35
53.1,44.0,200,185,47.933021545410156,42.88594055175781,213.8766326904297,177.65660095214844,35
49.69,41.0,200,210,54.40967559814453,42.89167404174805,179.2230224609375,167.43206787109375,35
48.5,38.2,200,195,50.320735931396484,42.739471435546875,197.39151000976562,173.37416076660156,35
51.4,39.9,200,170,51.841670989990234,41.610591888427734,194.70932006835938,170.27020263671875,35
54.6,41.4,200,200,57.96550750732422,46.521568298339844,179.05641174316406,156.36851501464844,35
52.0,40.9,190,140,53.12712860107422,41.786712646484375,184.7012939453125,173.7218017578125,35
54.3,43.8,180,180,54.779266357421875,41.5257682800293,190.2257843017578,169.04336547851562,35
49.7,37.7,190,195,55.667057037353516,46.81203842163086,167.95388793945312,171.58970642089844,35
48.3,37.8,190,200,51.156089782714844,41.817237854003906,164.0732879638672,172.53343200683594,35
47.8,38.4,160,180,49.123775482177734,40.549049377441406,165.3284912109375,184.52232360839844,35
44.4,37.2,160,160,47.52471160888672,41.961490631103516,177.44207763671875,163.66030883789062,35
47.8,41.3,170,175,53.99977493286133,43.2331428527832,178.98252868652344,178.42745971679688,35
47.4,37.1,160,180,50.07037353515625,39.83226776123047,172.77488708496094,180.85293579101562,35
60.2,54.4,170,150,53.67970657348633,44.273223876953125,170.08106994628906,149.37599182128906,35
48.3,37.8,180,150,62.38832092285156,53.93070983886719,181.13751220703125,177.4505615234375,35
63.7,55.9,180,165,58.83797073364258,51.0775146484375,176.86854553222656,170.95816040039062,35
65.8,57.3,170,170,53.94778060913086,45.21059036254883,168.59642028808594,146.7961883544922,35
58.1,53.8,150,175,52.14539337158203,45.577171325683594,182.61741638183594,162.46714782714844,35
53.9,43.5,180,170,50.08213806152344,43.85226058959961,187.1091766357422,162.25906372070312,35
51.73,35.8,160,170,56.96012496948242,49.514060974121094,179.5075225830078,152.72592163085938,35
67.3,49.2,150,145,53.565093994140625,44.6996955871582,186.3057861328125,165.8090362548828,35
67.1,54.1,180,175,54.966575622558594,45.88575744628906,185.33740234375,180.26541137695312,35
68.7,53.7,180,175,55.12590789794922,46.45554733276367,186.40655517578125,165.74188232421875,35
61.1,42.4,130,175,59.44676208496094,48.73668670654297,179.48316955566406,174.01658630371094,35
58.5,55.3,160,150,58.07646560668945,48.72260665893555,185.58331298828125,178.3021697998047,35
65.9,52.1,170,150,51.36775588989258,43.2307243347168,188.76268005371094,158.95225524902344,35
64.0,51.1,160,180,53.52346420288086,42.918643951416016,170.48072814941406,167.93731689453125,35
52.5,37.5,140,180,48.8974609375,40.78678894042969,171.93325805664062,184.1925506591797,35
48.3,35.6,170,180,45.823299407958984,39.5611572265625,190.62527465820312,173.03025817871094,35
62.3,50.7,170,180,53.555931091308594,43.67988967895508,177.83880615234375,169.97274780273438,35
60.6,55.0,170,170,56.95977783203125,46.282108306884766,179.6361541748047,170.581787109375,35
57.3,52.0,180,190,64.0638198852539,55.864070892333984,165.83612060546875,189.9409637451172,35
62.5,50.9,180,175,52.68265914916992,45.418426513671875,190.69154357910156,165.78378295898438,35
59.7,51.6,180,175,57.40596008300781,47.055084228515625,173.52880859375,166.27125549316406,35
55.4,49.3,160,145,60.2346305847168,50.98151397705078,169.59747314453125,164.81939697265625,35
52.8,40.8,180,190,55.81711196899414,47.75961685180664,181.72015380859375,158.16415405273438,35
53.7,46.9,185,175,53.149314880371094,42.510093688964844,186.39646911621094,158.75692749023438,35
54.1,49.3,190,175,57.10755920410156,45.092674255371094,142.17303466796875,119.27974700927734,35
52.1,45.6,200,175,54.50584411621094,44.73611831665039,181.93809509277344,165.30743408203125,35
58.9,51.6,170,175,51.77134323120117,45.322296142578125,191.5743865966797,164.60984802246094,35
41.8,33.4,180,170,51.06023025512695,40.61408996582031,191.04855346679688,174.92782592773438,35
43.3,36.8,170,170,57.195587158203125,47.223731994628906,185.63336181640625,160.99801635742188,35
46.853,41.125,160,145,47.930580139160156,38.77183151245117,187.7671661376953,142.45639038085938,35
40.586,33.9,170,160,46.60503005981445,40.96706771850586,160.59512329101562,139.62925720214844,35
50.166,45.1,180,160,46.51502227783203,41.03324508666992,163.2495574951172,140.16323852539062,35
38.817,31.2,160,145,47.99002456665039,39.72610092163086,171.55149841308594,167.95252990722656,35
52.863,45.4,160,140,46.42682647705078,39.317508697509766,166.21029663085938,144.32571411132812,35
51.155,41.6,165,155,48.638179779052734,41.506996154785156,201.50357055664062,179.06137084960938,35
50.744,43.699,155,140,51.51260757446289,45.0016975402832,193.07394409179688,167.00448608398438,35
47.189,46.425,165,150,58.64619445800781,50.19403839111328,176.73831176757812,124.00389862060547,35
52.822,41.286,175,160,61.443477630615234,53.80253601074219,169.39979553222656,141.92689514160156,35
53.64,48.03333333333334,175,160,53.39214324951172,46.238182067871094,169.52720642089844,137.1745147705078,35
51.02,47.13333333333333,165,155,54.410850524902344,47.42499923706055,157.759521484375,139.00607299804688,35
49.25,41.281,200,160,58.52302551269531,50.47174835205078,180.6219024658203,154.936279296875,35
54.23,48.156,155,65,52.54536056518555,46.15653991699219,177.66229248046875,143.66793823242188,35
64.94,54.541,175,158,56.48112869262695,47.45637512207031,165.78541564941406,139.47581481933594,35
62.49,55.381,170,126,60.865543365478516,50.85090255737305,169.58270263671875,130.60630798339844,35
61.71,52.032,160,128,52.78404998779297,43.821929931640625,184.68312072753906,146.89878845214844,35
61.98,58.67,165,58,53.134029388427734,46.75433349609375,163.67660522460938,125.49907684326172,35
58.43,51.57,165,62,51.43388748168945,44.874542236328125,172.36929321289062,148.99436950683594,35
58.43,50.25,169,129,52.381675720214844,45.857269287109375,168.39306640625,143.81747436523438,35
59.11,50.74,165,153,51.449432373046875,44.37868881225586,193.2115020751953,156.27142333984375,35
56.76,44.42,185,185,55.31050491333008,47.646728515625,171.04132080078125,139.9133758544922,35
58.45,53.87,175,130,49.2156867980957,42.30509948730469,184.34727478027344,165.44818115234375,35
49.72,41.12,165,168,52.443321228027344,44.75373840332031,189.95919799804688,149.00155639648438,35
49.72,31.57,230,215,43.58172607421875,36.538291931152344,228.90843200683594,207.8363037109375,35
38.17,30.25,225,190,45.79008865356445,38.5978889465332,223.00628662109375,183.57437133789062,35
51.2,50.74,205,100,49.88019561767578,42.584815979003906,185.16156005859375,149.2035369873047,35
38.82,34.42,210,200,43.0023193359375,37.980079650878906,191.819091796875,185.96568298339844,35
55.23,49.77,195,165,51.14955520629883,43.66362380981445,209.18789672851562,189.641845703125,35
51.2,50.74,205,190,48.42470169067383,39.630496978759766,197.73683166503906,193.20188903808594,35
38.82,34.42,210,210,53.60400390625,46.48347854614258,206.6399383544922,186.41009521484375,35
48.21,45.75,190,160,52.5275764465332,44.433189392089844,194.15182495117188,153.41259765625,35
61.53,57.59,190,170,52.56986999511719,44.55866622924805,199.5081787109375,154.9810333251953,35
52.65,48.09,195,160,55.96248245239258,49.09516143798828,199.4170684814453,165.3178253173828,35
61.53,57.59,170,160,53.03812026977539,45.183013916015625,198.3700408935547,158.080810546875,35
47.2,39.8,200,170,53.92819595336914,46.72114944458008,185.06748962402344,150.4121856689453,35
52.55,41.3,195,185,45.686073303222656,38.245792388916016,186.0063934326172,176.34841918945312,35
51.95,45.8,150,160,50.5861930847168,43.88977813720703,183.17454528808594,160.88711547851562,35
48.0,44.9,170,165,45.7640266418457,37.109432220458984,210.45925903320312,172.52224731445312,35
46.0,44.9,170,185,48.31901931762695,40.60524368286133,194.87818908691406,183.03770446777344,35
56.0,40.9,50,185,54.66148376464844,44.81917953491211,86.2316665649414,141.49526977539062,35
57.3,44.0,220,235,52.4805793762207,44.564483642578125,162.87782287597656,159.08331298828125,35
50.1,43.4,130,165,47.21884536743164,40.895843505859375,195.4325408935547,186.78225708007812,35
45.6,44.1,150,155,50.83301544189453,43.976051330566406,178.31735229492188,158.99110412597656,35
56.0,40.9,190,185,51.953426361083984,43.739158630371094,177.93382263183594,158.4643096923828,35
57.3,44.0,165,130,51.52204895019531,44.54716491699219,182.44961547851562,155.07875061035156,35
53.1,34.3,210,175,49.696929931640625,44.12238311767578,181.5537567138672,176.0666046142578,35
44.1,37.8,225,185,48.62809371948242,40.5081672668457,158.059814453125,166.21478271484375,35
46.7,39.7,215,155,50.944515228271484,42.4657096862793,89.03758239746094,132.04147338867188,35
46.6,43.3,180,170,52.533302307128906,42.23307418823242,170.99853515625,168.41880798339844,35
41.6,40.5,200,180,53.014564514160156,41.15772247314453,176.92430114746094,156.74549865722656,35
52.3,51.9,215,145,52.004085540771484,43.78273391723633,178.0242156982422,158.4829559326172,35
52.8,47.8,220,160,52.03620529174805,44.79246520996094,184.54281616210938,174.1162872314453,35
50.4,43.9,210,175,56.0684928894043,50.233253479003906,184.1573028564453,156.50636291503906,35
52.3,51.9,215,145,51.04011917114258,43.512020111083984,167.70408630371094,150.95770263671875,35
40.1,32.8,180,165,50.5329704284668,42.075927734375,198.93133544921875,172.66488647460938,35
48.3,40.0,195,165,51.61541748046875,44.37678909301758,180.56533813476562,154.33543395996094,35
54.8,51.7,200,175,52.149940490722656,42.965797424316406,196.6741485595703,171.54762268066406,35
54.3,49.6,215,150,52.61140441894531,46.17212677001953,191.1923370361328,158.05328369140625,35
54.3,47.5,210,170,52.922454833984375,45.59446334838867,190.44427490234375,162.96763610839844,35
51.9,45.4,160,150,50.97665786743164,43.2529182434082,190.4319610595703,166.49429321289062,35
50.3,45.7,195,155,50.447265625,42.056644439697266,194.10377502441406,177.29515075683594,35
49.3,44.9,190,160,52.91585159301758,45.5408935546875,190.79580688476562,163.2318572998047,35
48.3,43.0,190,160,48.82011795043945,40.862030029296875,200.11306762695312,185.5900421142578,35
46.9,39.2,180,150,55.38195037841797,47.04032897949219,190.6049346923828,166.16763305664062,35
55.9,47.2,180,150,51.91499710083008,41.968448638916016,182.0747833251953,155.6522979736328,35
54.7,47.9,200,165,52.60342788696289,43.98874282836914,180.03749084472656,149.47265625,35
54.9,43.4,100,140,49.70286178588867,42.93161392211914,177.8908233642578,157.5847930908203,35
54.4,46.4,120,150,49.75752258300781,37.32460403442383,190.65220642089844,168.78782653808594,35
52.2,50.7,190,155,53.966041564941406,44.24201965332031,198.92449951171875,169.10667419433594,35
55.8,46.7,200,170,55.516963958740234,47.74919128417969,195.59446716308594,174.5138702392578,35
55.9,47.2,180,150,53.44290542602539,45.73723602294922,185.71356201171875,161.7232666015625,35
54.7,47.9,200,165,51.85902786254883,44.974945068359375,189.24246215820312,166.30174255371094,35
56.1,47.2,195,165,55.41161346435547,45.94069290161133,186.67636108398438,161.0822296142578,35
52.0,44.9,215,150,53.34067153930664,43.732521057128906,183.5403289794922,168.8363494873047,35
54.3,40.2,220,150,52.90604782104492,46.24650573730469,187.82879638671875,164.91062927246094,35
50.1,43.4,130,165,48.74761962890625,41.46854019165039,200.33860778808594,189.09783935546875,35
56.0,40.9,190,185,55.658470153808594,48.658775329589844,193.507080078125,154.53585815429688,35
57.3,44.0,165,130,47.80282974243164,39.729576110839844,184.53533935546875,174.46908569335938,35
53.1,34.3,210,175,46.15692901611328,40.033016204833984,200.71104431152344,182.52235412597656,35
52.3,51.9,215,145,55.026145935058594,47.59392166137695,194.5175323486328,173.00216674804688,35
52.8,47.8,220,160,52.81806564331055,45.73661422729492,208.29502868652344,178.9795684814453,35
50.4,43.9,210,175,57.18840789794922,50.67829132080078,187.00938415527344,161.7029266357422,35
54.8,51.7,200,175,50.71792221069336,44.41027069091797,204.30789184570312,174.6725616455078,35
54.3,49.6,215,150,53.542911529541016,47.31612777709961,193.6769561767578,149.8009490966797,35
54.3,47.5,210,170,54.58307647705078,46.27949142456055,192.71849060058594,163.03041076660156,35
51.9,45.4,160,150,54.347599029541016,46.19095230102539,190.7264404296875,162.9402313232422,35
50.3,45.7,195,155,54.301353454589844,46.45626449584961,211.7563934326172,177.80125427246094,35
52.4,44.9,190,160,53.774574279785156,46.339088439941406,189.23326110839844,159.5081787109375,35
51.9,51.7,230,215,43.58172607421875,36.538291931152344,228.90843200683594,207.8363037109375,35
49.6,34.6,225,190,47.706233978271484,42.01169204711914,201.52655029296875,172.2203826904297,35
51.2,47.5,205,100,48.443443298339844,41.499595642089844,184.09751892089844,148.26614379882812,35
38.82,35.4,210,200,43.433048248291016,37.947269439697266,210.64471435546875,194.15170288085938,35
50.3,45.7,205,190,49.60569381713867,40.92989730834961,191.04624938964844,186.32659912109375,35
52.4,44.9,210,210,61.263084411621094,52.57099151611328,178.30567932128906,170.2342529296875,35
48.21,45.75,190,160,55.41234588623047,48.35469055175781,184.36170959472656,180.2763671875,35
61.53,57.59,190,170,49.29267120361328,42.736122131347656,177.9373321533203,155.53311157226562,35
52.65,48.09,195,160,51.85902786254883,44.974945068359375,189.24246215820312,166.30174255371094,35
48.0,44.9,170,160,50.5772819519043,43.91352081298828,180.68124389648438,159.5325164794922,35
47.2,39.8,200,170,52.30586624145508,42.62449645996094,169.30252075195312,157.23748779296875,35
52.55,41.3,195,185,50.69560241699219,43.340919494628906,180.43704223632812,158.32522583007812,35
51.95,45.8,150,160,52.544490814208984,43.27799606323242,172.44854736328125,169.5120086669922,35
48.0,44.9,170,165,53.5503044128418,43.178253173828125,175.0810546875,161.75015258789062,35
46.0,44.9,170,185,47.972774505615234,39.27861785888672,203.3772735595703,178.7145233154297,35
52.55,41.3,50,130,48.611175537109375,38.521488189697266,172.02174377441406,179.58106994628906,35
51.95,45.8,220,235,49.87887954711914,40.94371032714844,165.97171020507812,175.03765869140625,35
43.4,43.4,130,165,51.323089599609375,41.882232666015625,188.33526611328125,193.03404235839844,35
44.1,35.75,150,155,50.83301544189453,43.976051330566406,178.31735229492188,158.99110412597656,35
40.9,37.59,190,185,49.087989807128906,42.65580749511719,177.23936462402344,155.1502227783203,35
44.0,38.09,165,130,50.74618911743164,43.483909606933594,200.2346954345703,169.82705688476562,35
44.3,39.8,210,175,51.41585159301758,42.26008987426758,213.37864685058594,182.4425811767578,35
44.3,41.3,230,215,50.85049057006836,38.54948043823242,204.77488708496094,182.3392333984375,35
45.17,35.8,225,190,46.08078384399414,39.834434509277344,205.58848571777344,177.2345428466797,35
51.2,44.9,205,100,52.54935073852539,43.92653274536133,184.06785583496094,151.34994506835938,35
38.82,34.9,210,200,39.731937408447266,36.300315856933594,196.73431396484375,195.92100524902344,35
48.21,45.75,205,190,47.799808502197266,40.45364761352539,209.3076171875,191.8526611328125,35
61.53,57.59,210,210,53.72673034667969,44.49250030517578,184.64125061035156,171.37811279296875,35
55.23,49.77,170,130,51.953426361083984,43.739158630371094,177.93382263183594,158.4643096923828,35
47.2,39.8,50,130,48.611175537109375,38.521488189697266,172.02174377441406,179.58106994628906,35
52.55,41.3,220,235,50.046199798583984,42.6640625,170.4265594482422,189.83474731445312,35
44.1,39.77,150,155,52.004085540771484,43.78273391723633,178.0242156982422,158.4829559326172,35
44.3,37.13,210,175,51.41585159301758,42.26008987426758,213.37864685058594,182.4425811767578,35
44.3,36.47,230,215,50.85049057006836,38.54948043823242,204.77488708496094,182.3392333984375,35
45.17,42.69,225,190,47.706233978271484,42.01169204711914,201.52655029296875,172.2203826904297,35
51.2,35.8,205,100,51.74763488769531,43.542442321777344,195.53323364257812,138.017578125,35
38.82,36.23,210,200,43.433048248291016,37.947269439697266,210.64471435546875,194.15170288085938,35
52.51,41.4,205,190,49.8959846496582,45.0147590637207,199.38491821289062,193.60665893554688,35
57.84,47.13,210,210,46.625022888183594,39.549983978271484,200.0487518310547,179.51011657714844,35
52.65,48.09,170,130,49.087989807128906,42.65580749511719,177.23936462402344,155.1502227783203,35
57.84,47.13,50,130,55.90673828125,46.21814727783203,103.7303695678711,133.7515411376953,35
57.49,46.47,220,235,47.21884536743164,40.895843505859375,195.4325408935547,186.78225708007812,35
49.8,43.4,130,165,47.21884536743164,40.895843505859375,195.4325408935547,186.78225708007812,35
53.4,44.1,150,155,49.85662841796875,42.093101501464844,179.6221923828125,156.5604705810547,35
40.9,36.4,190,185,50.973846435546875,43.85489273071289,178.7421417236328,154.58963012695312,35
44.0,38.4,165,130,50.34476089477539,41.6912841796875,192.6561737060547,161.8736114501953,35
44.3,39.5,210,175,51.41585159301758,42.26008987426758,213.37864685058594,182.4425811767578,35
57.84,47.13,160,165,54.474063873291016,44.72589111328125,168.12535095214844,168.55308532714844,35
57.84,46.47,160,165,53.17890167236328,44.29176330566406,185.52584838867188,149.6453857421875,35
51.5,42.69,195,180,59.47835922241211,50.310882568359375,189.02847290039062,175.904541015625,35
51.1,45.8,195,180,57.70630645751953,47.42213439941406,175.6521759033203,166.83506774902344,35
62.4,56.23,190,180,49.967445373535156,41.4126091003418,169.5866241455078,168.1256866455078,35
62.2,52.7,190,190,52.70450973510742,43.26220703125,185.69549560546875,171.62721252441406,35
56.8,47.7,190,180,49.37263107299805,38.895469665527344,183.22323608398438,178.35009765625,35
52.51,41.4,190,180,48.01084899902344,38.02775192260742,187.78262329101562,170.7394561767578,35
57.84,47.13,175,165,56.40351104736328,47.17258071899414,164.77886962890625,148.9560546875,35
57.49,46.47,170,165,55.64639663696289,46.6466178894043,165.09115600585938,158.10391235351562,35
60.3,52.5,180,175,60.36093521118164,50.11725616455078,167.66412353515625,165.8214111328125,40
49.8,39.3,160,150,52.00825119018555,42.729061126708984,174.1070556640625,167.1401824951172,40
53.4,41.3,190,200,52.76130676269531,43.10071563720703,180.2959747314453,167.5880126953125,40
58.1,51.5,160,170,57.20839309692383,49.174171447753906,181.24319458007812,172.45965576171875,40
57.3,52.7,190,200,59.51532745361328,50.960716247558594,182.30531311035156,172.04115295410156,40
63.2,56.4,165,160,60.64696502685547,53.12562942504883,186.77743530273438,170.4040069580078,40
64.7,48.4,180,60,57.00605010986328,47.034942626953125,176.69549560546875,184.10142517089844,40
41.9,39.5,200,180,58.13332748413086,50.78768539428711,167.7041015625,163.94293212890625,40
59.6,50.4,140,170,56.89232635498047,49.128501892089844,171.5342254638672,162.90570068359375,40
69.0,60.4,140,175,60.516990661621094,52.277870178222656,182.6265106201172,172.38552856445312,40
69.0,60.7,160,160,62.271728515625,54.92919158935547,170.62693786621094,165.8843994140625,40
69.0,62.4,160,160,60.37348175048828,51.87586975097656,173.51719665527344,169.73573303222656,40
62.7,46.6,160,150,52.19314956665039,45.77307891845703,178.72714233398438,164.77401733398438,40
65.1,40.6,150,180,58.314449310302734,47.10743713378906,169.5533447265625,166.84085083007812,40
65.6,62.1,150,180,66.89047241210938,57.10050964355469,177.42864990234375,173.4822540283203,40
69.4,66.6,190,170,61.82438659667969,52.04421615600586,167.97152709960938,167.98976135253906,40
68.2,60.0,180,170,64.53126525878906,57.16604995727539,154.77651977539062,142.9750213623047,40
68.8,62.8,160,160,54.09897232055664,45.443790435791016,191.24197387695312,165.9947967529297,40
64.7,63.0,190,175,59.50092697143555,49.970680236816406,172.9694061279297,159.8055877685547,40
68.7,63.4,80,55,59.52153015136719,52.17060089111328,169.3917999267578,169.8477020263672,40
68.6,66.9,80,55,58.4125862121582,51.41337585449219,159.10462951660156,144.60595703125,40
67.7,66.9,100,80,60.58932113647461,52.88629913330078,134.97286987304688,119.60808563232422,40
64.1,61.0,75,80,57.699005126953125,48.5781135559082,156.8833770751953,155.9458770751953,40
69.0,64.7,120,35,58.30397033691406,52.57743835449219,123.70246124267578,110.24009704589844,40
56.4,50.2,160,180,60.208351135253906,51.802249908447266,160.6602020263672,166.74188232421875,40
62.2,58.5,140,170,62.19916915893555,50.889015197753906,138.75213623046875,146.23789978027344,40
59.7,49.6,180,175,58.62055969238281,50.804412841796875,151.25408935546875,125.01036071777344,40
59.6,49.4,170,140,58.58567810058594,50.35151672363281,170.51971435546875,163.36448669433594,40
68.4,49.8,160,170,55.26350021362305,46.99885940551758,176.79794311523438,164.2604522705078,40
61.6,57.7,75,55,62.74858856201172,55.984928131103516,93.56753540039062,84.7589340209961,40
63.0,54.5,200,125,55.948604583740234,48.10988998413086,130.67494201660156,105.84881591796875,40
57.1,49.9,75,120,55.11067199707031,45.98004913330078,177.51686096191406,156.11085510253906,40
58.7,51.9,150,120,54.51849365234375,46.66521072387695,179.58734130859375,164.87759399414062,40
58.9,49.8,70,55,60.759178161621094,49.87844467163086,163.53475952148438,119.61286926269531,40
59.4,52.8,90,40,58.43387985229492,53.4061279296875,141.07427978515625,116.61854553222656,40
58.7,53.1,190,175,56.18776321411133,46.550750732421875,105.20159912109375,112.74687194824219,40
54.2,48.4,90,75,61.347686767578125,57.57428741455078,75.26060485839844,60.623252868652344,40
57.5,47.4,90,65,56.81635284423828,49.81399154663086,149.33221435546875,137.9829559326172,40
57.5,49.2,90,70,59.614933013916016,54.80022430419922,104.71780395507812,69.68219757080078,40
42.3,33.1,170,140,57.75324630737305,49.754085540771484,159.0171356201172,157.65516662597656,40
61.76,56.06,190,150,58.48855972290039,49.814090728759766,169.44979858398438,148.52325439453125,40
65.25,57.69,175,155,55.895103454589844,47.060707092285156,169.5420379638672,158.29905700683594,40
48.2,44.0,120,165,52.80099868774414,45.42559051513672,176.6717071533203,160.7178192138672,40
53.4,44.9,130,160,50.35601043701172,42.985591888427734,168.43191528320312,166.35531616210938,40
59.8,53.4,160,140,55.54853057861328,47.75132751464844,171.3880615234375,140.2488555908203,40
56.8,47.8,170,160,57.263519287109375,48.30427932739258,148.11102294921875,147.6011962890625,40
58.6,48.2,150,160,67.738037109375,57.107479095458984,182.9995880126953,175.3234100341797,40
62.3,54.8,170,190,58.02956771850586,48.55414581298828,181.6047821044922,165.2614288330078,45
57.2,50.5,175,180,62.468318939208984,54.206085205078125,172.68960571289062,173.7621612548828,45
64.5,55.6,160,170,58.911354064941406,51.46925735473633,182.75576782226562,170.10110473632812,45
67.7,66.9,160,175,69.95983123779297,60.33688735961914,178.65000915527344,178.85409545898438,45
69.6,63.1,170,160,63.76641082763672,56.08551025390625,176.08900451660156,172.06997680664062,45
56.24,40.4,160,170,64.07643127441406,56.36766815185547,173.33773803710938,172.11862182617188,45
60.2,53.9,160,160,54.00383758544922,44.96996307373047,191.6181182861328,162.37164306640625,45
69.6,61.3,175,170,66.09471893310547,55.690635681152344,167.4683837890625,161.20274353027344,45
69.5,58.4,210,170,63.04133987426758,54.332950592041016,171.06253051757812,173.33950805664062,45
55.9,45.1,150,190,57.072994232177734,47.02239227294922,169.0859832763672,170.95765686035156,45
61.4,46.5,180,180,62.31230163574219,52.0943603515625,143.85450744628906,167.56613159179688,45
69.0,62.8,140,170,67.92345428466797,58.956844329833984,158.98464965820312,160.8948211669922,45
69.3,63.8,170,170,68.22410583496094,60.106990814208984,165.38348388671875,166.1754608154297,45
59.3,49.8,160,180,54.48351287841797,45.259857177734375,168.2082061767578,167.88577270507812,45
50.3,35.8,150,190,60.0098991394043,49.9313850402832,181.9969482421875,172.55197143554688,45
68.8,67.3,180,140,67.25177001953125,58.93017578125,183.64871215820312,171.11463928222656,45
66.2,61.0,160,170,62.53385543823242,55.67771530151367,173.16897583007812,168.68670654296875,45
63.9,61.8,175,160,60.20228576660156,51.201961517333984,175.9462432861328,163.09007263183594,45
68.9,60.1,180,170,63.912986755371094,57.1161994934082,169.6332244873047,166.26849365234375,45
65.4,55.5,170,190,63.41423034667969,54.8205451965332,169.87892150878906,163.40846252441406,45
62.7,53.5,180,175,61.45920944213867,51.75425720214844,181.8901824951172,173.98214721679688,45
54.2,42.4,190,175,56.305381774902344,49.23383331298828,178.44122314453125,162.37957763671875,45
67.2,55.5,185,160,64.77935791015625,58.058433532714844,168.5614471435547,161.06471252441406,45
50.7,43.5,175,170,63.546722412109375,56.31249237060547,175.0269012451172,166.07244873046875,45
48.6,43.9,180,160,51.04311752319336,43.00661849975586,199.4560089111328,165.94924926757812,45
45.4,44.6,190,160,56.895042419433594,49.288639068603516,186.739501953125,170.76824951171875,45
51.8,42.9,180,170,50.53562927246094,42.30039978027344,178.41954040527344,165.31655883789062,45
64.9,48.4,220,175,51.87245178222656,44.671939849853516,190.7544708251953,170.76109313964844,45
55.7,38.5,200,170,54.9888916015625,46.83141326904297,185.97271728515625,161.65951538085938,45
57.0,52.8,195,155,62.76507568359375,56.1074104309082,167.1195526123047,160.99012756347656,45
50.3,42.0,200,150,57.47407913208008,49.32879638671875,186.87554931640625,165.28477478027344,45
54.2,39.6,195,160,60.17410659790039,52.503936767578125,174.7727813720703,165.57015991210938,45
53.8,44.2,190,160,52.2529411315918,43.50160217285156,191.89134216308594,167.53504943847656,45
55.1,49.6,180,165,58.87691879272461,49.248287200927734,184.3359375,163.24755859375,45
58.9,43.3,185,165,58.50751876831055,50.37830352783203,181.589111328125,163.43418884277344,45
62.6,58.9,160,160,60.21078109741211,52.57417297363281,175.62680053710938,157.55113220214844,45
60.1,55.4,200,170,62.50768280029297,53.53875732421875,187.8784942626953,179.1485595703125,45
60.7,57.5,190,160,59.402870178222656,51.23439025878906,169.90951538085938,163.508544921875,45
62.0,56.9,195,175,71.165771484375,60.37291717529297,194.53884887695312,195.15927124023438,45
61.8,58.2,190,170,62.14434814453125,54.65174102783203,174.12020874023438,159.3292999267578,45
62.4,55.7,170,160,64.65211486816406,55.10890197753906,176.19081115722656,174.1681671142578,45
62.5,51.4,180,160,59.21284866333008,50.782012939453125,175.20811462402344,163.3072052001953,45
60.5,54.4,190,170,59.04042053222656,53.62325668334961,155.96450805664062,156.2135009765625,45
59.7,58.0,160,150,62.35097122192383,55.33194351196289,171.94432067871094,165.85641479492188,45
61.8,55.8,170,165,58.402462005615234,52.08940124511719,159.94461059570312,155.84915161132812,45
62.4,55.8,185,160,60.66769027709961,53.841915130615234,165.96157836914062,156.05770874023438,45
45.8,42.9,180,170,49.64854431152344,42.982460021972656,180.0517578125,169.6184844970703,45
48.6,43.9,220,175,58.58624267578125,51.00127029418945,180.7049560546875,163.91265869140625,45
48.8,42.9,180,170,49.140220642089844,40.530155181884766,174.11001586914062,170.96717834472656,45
45.4,44.6,220,175,58.58624267578125,51.00127029418945,180.7049560546875,163.91265869140625,45
47.8,42.9,180,170,47.79140853881836,41.3297233581543,183.58982849121094,168.7117156982422,45
69.6,61.3,220,175,52.40418243408203,44.39834213256836,198.9368133544922,163.56312561035156,45
69.3,63.8,170,170,67.2362060546875,58.08488082885742,161.04708862304688,162.1165771484375,45
62.3,57.2,170,180,65.64154815673828,56.9337043762207,181.77587890625,172.8090362548828,50
69.6,58.9,135,180,65.81439208984375,56.93206024169922,158.20252990722656,146.108154296875,50
69.6,58.9,135,140,65.60670471191406,57.857810974121094,163.20654296875,159.5062255859375,50
68.2,60.8,185,192,69.95964813232422,60.536930084228516,193.94789123535156,192.3271484375,50
64.1,55.4,150,145,64.58187866210938,55.96422576904297,152.40789794921875,142.7039031982422,50
72.4,63.5,200,205,72.3429946899414,61.746742248535156,193.5216064453125,191.99990844726562,50
61.7,54.1,140,135,62.355934143066406,55.63603973388672,136.46841430664062,127.8673095703125,50
66.9,59.6,180,186,66.03129577636719,58.206512451171875,160.40725708007812,170.26861572265625,50
71.5,62.8,160,155,72.05349731445312,63.910728454589844,179.8592071533203,179.31295776367188,50
63.5,56.0,170,175,62.92887878417969,54.74506759643555,179.5559539794922,170.65023803710938,50
73.2,64.1,165,162,70.8963851928711,64.3626480102539,176.9301300048828,163.4220733642578,50
60.2,53.8,160,162,60.15907287597656,51.82646942138672,168.18646240234375,160.3665313720703,50
65.4,56.9,150,145,64.43041229248047,55.49517059326172,159.28176879882812,147.5220489501953,50
69.8,61.5,190,195,70.48234558105469,60.99821090698242,195.78433227539062,194.2568817138672,50
62.9,54.6,145,138,62.323612213134766,53.870033264160156,141.49070739746094,135.0223846435547,50
74.6,65.2,205,210,72.65930938720703,63.46796798706055,183.39662170410156,187.2081298828125,50
59.4,52.7,135,130,60.49283981323242,52.67820739746094,146.6513671875,137.63174438476562,50
71.0,62.9,195,200,70.93428039550781,61.467857360839844,196.49462890625,195.24510192871094,50
67.1,58.4,155,148,67.17340850830078,59.09592819213867,145.56411743164062,149.12420654296875,50
66.4,59.9,178,184,67.88456726074219,59.75189208984375,192.04652404785156,180.44619750976562,50
64.8,56.5,148,140,62.492088317871094,54.96353530883789,145.2466583251953,142.29884338378906,50
75.2,66.0,210,215,72.12588500976562,63.92859649658203,190.41015625,197.9300994873047,50
58.7,52.3,130,125,59.87763595581055,51.98683166503906,143.48219299316406,132.81077575683594,50
70.5,61.8,192,198,70.24176788330078,60.78692626953125,194.99046325683594,193.4229278564453,50
69.0,60.3,158,152,72.7764663696289,65.10601043701172,179.96524047851562,181.26480102539062,50
63.1,55.9,168,172,64.02073669433594,54.4251708984375,153.32858276367188,163.8136749267578,50
66.0,57.8,150,145,66.66471862792969,57.539493560791016,143.5556640625,146.4913330078125,50
73.8,64.4,205,208,70.7332763671875,62.97216033935547,195.76858520507812,195.33360290527344,50
61.2,53.6,140,134,60.38945007324219,52.69432067871094,136.95411682128906,129.0423126220703,50
68.5,60.7,182,188,66.9713134765625,59.884979248046875,168.68447875976562,172.59107971191406,50
63.9,55.7,148,140,64.42858123779297,56.84319305419922,139.50668334960938,138.44781494140625,50
74.9,65.8,212,218,73.77909851074219,63.48041534423828,210.1191864013672,207.83303833007812,50
67.8,58.6,155,148,66.605224609375,59.087371826171875,164.61477661132812,159.00863647460938,50
69.9,61.3,190,196,67.00856018066406,60.338623046875,186.8079376220703,186.19415283203125,50
59.1,52.5,132,127,61.09661865234375,54.10322570800781,146.99737548828125,136.4394073486328,50
65.9,58.8,176,182,66.45447540283203,59.77801513671875,170.31869506835938,176.17300415039062,50
62.4,54.2,142,136,60.14121627807617,52.21331787109375,143.9710693359375,135.85946655273438,50
74.1,65.0,208,212,71.32215881347656,62.8147087097168,191.29135131835938,197.27914428710938,50
66.7,57.6,150,144,67.994384765625,61.32817840576172,168.95404052734375,170.49954223632812,50
60.6,53.9,162,165,60.93325424194336,53.46733856201172,170.2106475830078,161.95176696777344,50
65.2,56.7,148,140,64.43041229248047,55.49517059326172,159.28176879882812,147.5220489501953,50
