Cement,WC,fc28,Eff
487.43726640833876,0.3412886797451632,62.803328344162345,0.1288439203816443
485.7952517300821,0.3398233977668559,62.445211293236426,0.1285422429940346
484.84330593686605,0.3416366937767882,62.28300354811077,0.12846006696485351
483.02687965600177,0.3486342926448828,62.01916893734858,0.12839693099795377
474.1331716547136,0.3487603607859947,61.48362491321225,0.12967585604406429
472.409159649939,0.3375503989946828,60.95749255075302,0.1290353739032564
471.72164931112843,0.3416783091693558,60.87655214004559,0.129051851296089
467.01859764536016,0.35616786449472965,60.420750465263204,0.1293754697776402
466.962510550002,0.3658952338790701,59.92689041886469,0.12833340806798613
462.7927392969541,0.3623997229504894,59.76751601619728,0.1291453191486806
451.306649529241,0.3622975179493664,59.70450886036238,0.13229255301830872
450.3650073098762,0.36288860223426245,59.420049281527426,0.13193753581446244
450.19104844375977,0.3618908653180586,59.29899531498819,0.1317196233020971
447.49277492630046,0.36433933373597477,59.216763754493186,0.13233010022172056
446.9444041702703,0.3669061379530936,59.213306556011155,0.13248472517725704
443.81238276800406,0.3675639846694236,58.95136712175116,0.13282947797463115
442.389635712835,0.3728388713870353,58.75025625465702,0.1328020629597053
441.54330416253083,0.3657474584964422,58.696668849131555,0.13293524847004695
439.0407685562021,0.3672988555608856,57.85628953354883,0.13177885444172044
437.3411376964441,0.3805044161388468,57.27980369824981,0.13097282364049498
436.1417086803129,0.3598384280883133,57.261197292810046,0.13129034933639397
435.6749931492818,0.3652162775359138,57.181528934096974,0.13124813182588152
430.27822024868647,0.31794973237578766,56.21700783795569,0.13065269212432862
430.1425160536744,0.3111245730543539,55.124566885290285,0.12815419268717831
417.2343866170742,0.38845195939059735,55.060182755794216,0.13196463312197437
413.4997863637001,0.38748343275202846,54.56854733206794,0.13196753452266924
412.0049016889824,0.3882944355702204,54.26123773333647,0.13170046645293954
406.9505405609873,0.344829531547333,53.768598065424555,0.13212563372272157
402.9656726325526,0.3625523484870602,52.90504929285552,0.1312892211071721
400.89193999813267,0.33718185674294227,52.68819259977385,0.13142741807186062
398.36976402233336,0.33304197491273896,52.511255274826716,0.13181536355726745
398.29687283333976,0.35854305943810205,52.35626293471157,0.13145034898784938
397.983762120182,0.4077497202584385,51.652141171097206,0.1297845442133879
395.7946473825916,0.33891211575501196,51.58012476021801,0.13032042020103043
394.98980914666,0.3578700425216091,51.46287632133613,0.13028912424985611
393.54795741483264,0.3751247648508447,50.73710216222389,0.12892228559769328
393.0114258463429,0.36994001492643513,50.59625868544156,0.12873991787002997
391.1928837187314,0.3575665927618998,50.095280037568756,0.12805774880503035
390.53586495921337,0.3634897136951352,49.71897618902593,0.1273096292813426
387.82987764759787,0.3766998353319797,49.30539905298303,0.12713151279640308
382.5642269114471,0.3769203153121129,48.447050902632306,0.1266376924307835
380.8635923683493,0.39692722603918834,47.474743315166116,0.12465025344100436
380.55434902256354,0.36413940592121097,47.300373758943906,0.12429334700925834
378.4564730245278,0.3693128015921371,47.15087664177062,0.12458731717534866
376.9208351361931,0.36455341010102094,47.120298733859535,0.12501378098887403
347.295436278796,0.3517571881039273,47.10373199474468,0.13563014964853018
346.6611678373651,0.35388488871717505,46.40341202617177,0.13385811948785037
345.7721916476404,0.3492637645391213,46.17775176593846,0.13354964014282547
326.03883474178997,0.3798439769196987,46.17584765777568,0.14162683317876887
323.0610295075046,0.3808626070623195,46.11864255063712,0.14275520207727746
320.7927165155253,0.3848263121631019,45.400367692971166,0.14152555639701983
315.67563281130316,0.3819513765525101,45.227631975381215,0.14327248375998752
315.6594645848556,0.38691665921094376,44.27465566960747,0.14026082103331186
314.5889312804243,0.3901146126364182,43.75730525671983,0.13909359454771983
312.543213265572,0.39165738171554654,43.60108656502492,0.13950418602747428
312.0340090212266,0.38606975314833725,43.37202981729201,0.1389977648697311
311.82879935314696,0.3882366340738059,42.94871751904211,0.13773172204791315
310.1044002833417,0.39414884927618016,42.8344458474657,0.13812911331902405
308.86830052793107,0.38995300285122797,42.65248307889028,0.13809278260665406
307.80840101501065,0.44825692320405597,42.193621747674236,0.13707755086780954
306.136075682933,0.4227179927343877,42.16575003941737,0.13773531899288047
305.3480853119394,0.43276657329888346,41.746713412116215,0.1367184384649681
292.0213288862517,0.4881725392455007,41.52189232644329,0.14218787540213174
291.1278969645034,0.44390203042153464,41.07387992949594,0.14108534550539478
290.4955861714046,0.4711324893864788,40.92736120452271,0.14088806561203254
290.11421128063444,0.4899440919356268,40.577025303801754,0.1398656933236222
290.0833833806208,0.47648090923671704,39.85292267417986,0.13738436931386902
