replicate,n_oob,R2,RMSE,MAE,MAPE
0,246,0.9262357224753719,3.053236224895825,2.2809592481363126,4.974782877894326
1,250,0.9294217403997578,2.948248457033797,2.1705824288253734,4.800305401697984
2,250,0.9246449628998202,2.9079293869833998,2.0888057048992406,4.406114554622386
3,248,0.9227377463948767,3.048119491244013,2.0977144576255347,4.451787526800801
4,267,0.9211806827068778,3.2275956439933533,2.379823964213784,5.201680658182909
5,255,0.919348780201976,3.1326833367828417,2.176445158022042,4.815079983612265
6,259,0.9073691422779683,3.2405846740602,2.3995894400775377,5.1295510067356656
7,250,0.9219143601511016,3.0621070763091387,2.194076929066836,4.909205158040792
8,246,0.9115027319308177,3.3377831857782274,2.376551887595936,5.148966051710597
9,242,0.9113718881560849,3.0993908968818205,2.213157027000937,4.790849968974606
10,247,0.9265854099517846,3.0655408212772146,2.157447021159335,4.588431628980338
11,265,0.9307554522525676,3.0172491563102954,2.1389100753512693,4.708711766550451
12,257,0.9182168635379728,3.1075191421425363,2.1902326441378173,4.904029802181619
13,260,0.9393101991514295,2.7670533787757243,2.0828371822621126,4.555106664191515
14,246,0.9260723925596356,2.970223969463502,2.1185089854792762,4.805578350824926
15,257,0.927078758949331,2.8126465269368772,2.0286135420895497,4.2847900367280785
16,249,0.9086619245926182,3.3367798357420106,2.323466631188073,5.197729001740683
17,261,0.9130127560408519,3.174475496563875,2.339299399918549,5.146347969618364
18,235,0.9275904870142573,2.979756959594454,2.205993784193288,4.8765129952242745
19,260,0.9070921671511649,3.3885892930481463,2.416220930832533,5.017850397460866
20,257,0.9062276795748412,3.175250598556594,2.2376606166205875,4.773199180351425
21,253,0.920875298977474,3.0730048249940647,2.238425873817815,4.82141081410273
22,245,0.9211419314541809,3.1501713549361043,2.192599607475828,4.718547197170142
23,247,0.9236254322635833,2.949896238546727,2.1231810193799614,4.558023888619814
24,248,0.9276818677981649,2.9724261244334067,2.132010261336079,4.707139406053515
25,249,0.9220262590167017,2.9197327872952794,2.124206447613421,4.613069795829257
26,251,0.9097257983157611,3.2191289133426175,2.3222810797723454,5.091297893070737
27,230,0.9046846770556314,3.275856410980072,2.313702441502473,4.962639878287354
28,233,0.9167870717623714,3.1752705654697575,2.4476385510057685,5.4111901475757085
29,257,0.9052336941215122,3.204627114389664,2.3325900377259923,4.833150217451833
30,250,0.9260169454315412,2.9934650811409225,2.20778044609806,4.825414546824227
31,246,0.9195298105659113,3.0644921734774235,2.2023613224184455,4.85278124777645
32,233,0.9355737136758829,2.7349684531868785,1.9726306452224442,4.145673858881953
33,245,0.9298343786048414,2.975715678355686,2.0744972877514787,4.67858044006088
34,263,0.9087291465620345,3.197661661261965,2.312781888275815,4.940355642617378
35,249,0.9059666621145511,3.20621746479599,2.2336838383088367,4.865565369202165
36,247,0.9052757774741941,3.136111672198294,2.2833062575265926,4.767725277422675
37,240,0.9287154143951358,2.9816049909031985,2.1742437096734686,4.794512553288397
38,252,0.9062356234157761,3.2817634239535116,2.3870841628165858,5.027691667698459
39,255,0.8920349468498994,3.552825592324727,2.5202298245603663,5.445159181951106
40,248,0.9134122567607248,2.985408848446225,2.0713515900755786,4.535647912650125
41,250,0.9165767093786823,3.3214650599516444,2.3372735278772376,5.072195227904412
42,249,0.9313825831179472,2.7720690653758897,2.0785329500218177,4.6707105582771105
43,250,0.9249970231572804,3.1257676838014237,2.1851296941631566,4.957661369581153
44,255,0.9129286895268717,3.179265702195161,2.2167937732510494,4.986549193445663
45,251,0.9288551304466934,2.9357166563755084,2.0909976307077667,4.654950084952972
46,243,0.9139011465579567,3.001028544459173,2.133436678033905,4.7306760033327855
47,244,0.9155212220591261,3.086467319080401,2.2626607729119317,4.925401737750363
48,257,0.90964405101489,3.2597095598116037,2.3564474540021805,5.216044232092573
49,247,0.9123186773688439,3.1669044149786467,2.210339299241115,4.828556517439703
50,251,0.9319276569596247,2.8070641796215297,2.0921705197793705,4.663669508277941
51,266,0.8852095893430335,3.563334947522438,2.512500366038615,5.435403855697974
52,243,0.9320990030055603,2.9990888059958642,2.1481799868378215,4.738359030629836
53,258,0.9039975821637859,3.252493373472729,2.210199910705785,4.608290291613448
54,252,0.9148274979705932,3.0863196918998086,2.2480690157950334,4.695951960373047
55,246,0.9311811539121878,2.820155598493453,1.994725742456714,4.34590994723666
56,251,0.9278931431461144,2.9229788353004333,2.0195339229577134,4.421589130584537
57,235,0.9218561109130572,2.9389690569162252,2.1285099114763275,4.533029186578455
58,251,0.889453506331299,3.47486523823543,2.4326705746784505,5.188757006060983
59,257,0.9160242013146197,3.020066446453893,2.1218573352817613,4.699238580933789
60,260,0.9185489982017084,3.134147536176151,2.2231331178217637,4.89734816904226
61,247,0.9204773915087092,3.239125482548485,2.3414916879471197,5.054560275702837
62,249,0.9118990780916483,3.189795609579829,2.2691216936704204,4.918389464389696
63,250,0.921470850224248,3.1699837375111564,2.226684805138256,5.065980466674593
64,242,0.9047758047244835,3.292233544003453,2.290150946942636,4.845214395311408
65,237,0.9285383759677958,2.8384060691123305,2.0705435524955367,4.445211952372081
66,261,0.9149852732692979,3.22737909513569,2.391591841856781,5.3032766503934115
67,251,0.9351509403593797,2.7609888981947956,1.942625983001399,4.187117101514564
68,264,0.891129548701519,3.5565614299544093,2.535030133151076,5.5227528799986345
69,260,0.938591797613366,2.8171948384119525,2.083524021583269,4.611803461066788
70,253,0.9256390629926114,2.9811901797770384,2.1716593636511075,4.75974637616375
71,244,0.9304607584415863,2.999919634554174,2.107591729428769,4.765510087339774
72,240,0.912179748535935,2.9489000476462106,2.1710408225496542,4.768847620649292
73,243,0.9101770090592219,3.1610298734775277,2.2025792068429446,4.924032259689562
74,246,0.9153780964862896,3.140481590483465,2.228120027710047,4.8870118394740425
75,253,0.9159267195981835,3.1531183687686597,2.2500250511442133,5.036218574379802
76,260,0.9238798686120451,3.1279902141849694,2.304206716705925,5.029489118020307
77,257,0.9146886452777466,3.141179595030484,2.1942214889193203,4.972054149071066
78,242,0.9371720026513155,2.790264581197859,2.0630433016331824,4.368374129732171
79,232,0.9291320599739613,3.070187201315653,2.1473651596779755,4.450193220499921
80,256,0.9055700546474867,3.4994647683657414,2.3998581769424505,5.18179219491014
81,241,0.9223301675314888,3.136597353641466,2.1881969812706767,4.653915560711278
82,242,0.9041894866085168,3.3854783880955726,2.382387286264246,5.134140483551866
83,247,0.9164961906188894,3.2057119478053218,2.169331022346601,4.816632510687283
84,266,0.9007719728776329,3.243276989686762,2.3053168938147506,4.798015009603112
85,245,0.9274402108422374,2.8410661351130115,1.9990992323595098,4.32383231072134
86,251,0.9329048791884914,2.9177172110865714,2.0933577537114507,4.631728371623906
87,251,0.9092915960591317,3.0947133371403357,2.1027455344646255,4.426074141539525
88,241,0.9032036959605274,3.2279707242881166,2.2288507058941054,4.632242472254152
89,253,0.9256735852870777,3.1794643003646144,2.2662229159781644,5.198122101533601
90,271,0.9165376139062646,3.1789450850756147,2.1782471725934935,4.7071191950543465
91,252,0.9177240760238933,3.1998458655916577,2.259490638297818,5.015671407785366
92,254,0.9161891432196919,3.1880880659500868,2.2833294591670352,4.931963775432624
93,251,0.8908453644155352,3.5354830967933815,2.5258915228504777,5.416723835612328
94,245,0.9143313490120842,3.1946872238819046,2.2667047018533646,5.008010409855886
95,255,0.916262537838689,3.2434254301695833,2.2764316002344094,4.7214482138049
96,238,0.9047300415085628,3.1659080079605735,2.2306267254030643,4.719193961678255
97,236,0.9134987933176071,3.220682710977909,2.1952104243486223,4.700695422897019
98,255,0.927557492093085,3.0078043943813295,2.2099357877934165,4.7714996880373475
99,239,0.9345232465573083,2.6814859748847764,1.899470745021676,4.044094503570095
100,246,0.9060048013505204,3.197820521972238,2.2747101373449228,4.816229454465296
101,266,0.9057967293046939,3.4226472992420094,2.4620768891353806,5.683339616142899
102,229,0.9217830297917445,3.1971066063809417,2.3116685429608137,5.008769751145293
103,252,0.9220453190954773,2.8736278677161553,2.0881422557700935,4.412128927714864
104,263,0.9257574471507262,3.0429490138870277,2.143528369567925,4.725096323853138
105,248,0.9200287339247516,3.0977393416267938,2.196685550331554,4.691157384856808
106,247,0.9060247028446141,3.385859799042905,2.323690556435815,5.155406383271748
107,254,0.9013162316351906,3.37400007469143,2.416633363601832,5.144685818963801
108,266,0.9270139890866426,2.9566844458262187,2.0894863394360357,4.443139264540337
109,243,0.9318167139490834,2.9980265969555493,2.1335973769496572,4.6469042634286115
110,248,0.9396518775012422,2.7302517815296454,1.9624240826637291,4.225599149237298
111,254,0.9275497568890604,2.9790427294376034,2.0971442911489206,4.553819339669469
112,252,0.8997173097154988,3.3676727988901947,2.391303179307554,5.153995836431209
113,253,0.9074810567443126,3.306739825514125,2.3640067221855428,5.227028987023505
114,249,0.9444078176421274,2.7417175603041652,1.9311962574641575,4.166147552454098
115,258,0.9009365114453857,3.406126070778976,2.350912071181861,4.976902479307575
116,244,0.9283808183284725,2.929206745784935,2.1381862312466313,4.933456328274935
117,245,0.9012818584397723,3.465453267015652,2.389391887324625,5.28404815624524
118,241,0.9193366324471516,3.061813333168514,2.2551709239344504,4.85534666537079
119,254,0.9045323981680643,3.4504147950050688,2.3660223816983446,5.276985228863415
120,263,0.9300628846975042,2.9391092235627903,2.0094483226266866,4.347784441416344
121,243,0.9159257733074169,3.118392660637528,2.2534182317043228,5.127531716837779
122,251,0.9129216368664678,3.265620960930386,2.3086885353636317,4.949949106569536
123,245,0.9347211148781374,2.8859269621626242,2.0460752299094858,4.637871299894662
124,241,0.9299495822754871,2.8651548356932963,2.090404372301358,4.630622326977537
125,251,0.9185249399088543,3.2041493766630293,2.258122310173765,5.073201614998844
126,249,0.9201422115549454,3.1301462983700503,2.263567716451002,4.790044787496606
127,272,0.8982596408152737,3.2730341464265016,2.2623224819968124,4.658943367515775
128,254,0.9031802558232169,3.3951788458878434,2.4455026299335,5.3940169707742855
129,252,0.9205817791554656,2.8972898708061536,2.009381097976443,4.401921704411343
130,247,0.9212182825419692,3.159214670398044,2.212633921131161,4.89355421229872
131,260,0.9265177266694128,3.024830868298264,2.158112125481012,4.768267885714543
132,255,0.9141328558244031,3.2942490075204667,2.387127452297054,5.255869698577988
133,247,0.9240553420061807,3.0277894891423016,2.1536272146859177,4.406255087881698
134,253,0.908075539112833,3.1747754466424225,2.3219426174316427,5.006545585196945
135,251,0.9039575209009222,3.210012691550445,2.363602025894106,5.068951728368853
136,259,0.9098249908191824,3.4601269776394887,2.4705513085398727,5.411313309175142
137,255,0.9224919274683293,3.2387152646757738,2.2724732710584714,4.8680406779541014
138,258,0.9120153193086596,3.0785850623448954,2.2057963143934103,4.652771003900517
139,256,0.9259150190202433,2.9733248903213796,2.1120115777980546,4.468357482230975
140,246,0.9318631630504117,2.9640335987702926,2.086841716084082,4.638770993605295
141,254,0.9142248314622037,3.0644983352224453,2.193737842356002,4.705870600349915
142,244,0.9261989971939294,3.0027043886582896,2.1065609498447238,4.6593703922949725
143,240,0.8979306427071013,3.490862371138091,2.4206938819418857,5.46407173921011
144,236,0.9269213586560141,2.922559678025219,2.1073123542951424,4.732809441917669
145,274,0.9026926920908612,3.2697100421790535,2.316295919774678,5.048587771178732
146,260,0.8925292508934847,3.293972539512874,2.3091816482061325,4.95161016546541
147,251,0.9082507396216815,3.3178130531387984,2.2563028530082065,4.9082883110773015
148,242,0.920356772515953,3.0190435671466846,2.203838898682285,4.839652960681855
149,250,0.9272900989081444,2.9674392700782604,2.1195150218539576,4.60449275592031
150,247,0.9099776302096165,3.233001848012891,2.242333712647982,4.894494198918012
151,243,0.9157323632579908,3.088516519895749,2.1647076255074356,4.6806136840617585
152,266,0.9061842337539326,3.341631393753872,2.3948928277945587,5.142850762273487
153,252,0.9243424861715375,3.1735482100439394,2.262163096324897,4.923151535816431
154,262,0.9266201277825605,2.8749077173574067,2.0590921854920006,4.418937822327119
155,261,0.9290306985492804,3.001870833493725,2.0784838061971076,4.484696492270436
156,259,0.9012211396705991,3.2067571053169157,2.209441980192077,4.72933248469633
157,241,0.8992800403335208,3.3312395052756076,2.382529341226898,5.241901625653619
158,252,0.9160476757333281,3.0429468009808156,2.0955545765007986,4.441236459646317
159,251,0.9133195090071697,3.190341345729588,2.3265022584252377,5.054079061960318
160,257,0.9123176939068418,3.230662616225881,2.3206317741667957,5.100566476086792
161,252,0.901289481721761,3.2842994892219792,2.4029524287261834,5.231681675513313
162,253,0.9276322816223082,2.8818424176394366,2.1168531759822438,4.688235160926929
163,234,0.9267773508122281,2.92984492748246,2.054292419807549,4.356919890768159
164,265,0.9198185313991382,3.027801652206031,2.1007016581060545,4.6214132572950195
165,243,0.9152632849312206,3.183628118280947,2.2545986570196708,4.89859130953206
166,256,0.9186169040463339,3.1248679981092193,2.1821165764572203,5.011850541282302
167,260,0.912100051279132,3.1950236521229893,2.2491052177214983,4.7733461491254365
168,252,0.9256775653172364,3.012540943975039,2.234703454590602,4.973672297770209
169,260,0.9130196737404982,3.1740510580261376,2.2454774710569074,4.84295722139737
170,250,0.9032275252589417,3.2421163722404067,2.137253104398983,4.718974759381112
171,252,0.9177244471789124,3.0889315440796246,2.267349620356229,4.838545304417912
172,261,0.91648786762894,3.1847690202554175,2.1944191397814956,4.733381779412646
173,262,0.9321795619311196,2.934127586904752,2.0786237766191005,4.67609659902496
174,249,0.9243229331385102,3.01499808409249,2.1562664003070457,4.852789600237735
175,247,0.9150418420928965,3.1468454422206755,2.2312425410455985,4.66759357138256
176,252,0.9099807776764319,3.245893224453635,2.3586806597920313,5.254877751796222
177,243,0.9235160356296835,3.0290867889097046,2.1403047875872225,4.984804167320086
178,260,0.9214123011606176,3.1174708887873597,2.1271876838279944,4.686018842392686
179,251,0.9090326397264918,3.328033117934188,2.4269852168457655,5.40024424619466
180,255,0.8900537125649084,3.5486571599913783,2.538558409484688,5.547715053060729
181,244,0.9077358820038347,3.2932731574527376,2.301279104309432,4.826000055969405
182,244,0.9204642536915378,3.243533447731857,2.2996618068156165,4.934983741452645
183,246,0.909519754807246,3.234155758168737,2.320678734203366,4.983812039902916
184,233,0.9233315379937681,3.0466788049946136,2.1523098052992227,4.733774096839438
185,262,0.9070067188017928,3.3029515166525845,2.305109220505191,4.897310601254152
186,253,0.9411540342689665,2.6805458544903313,2.043987929664257,4.477419459862867
187,248,0.9264759851861067,3.0557819391229466,2.206479340415098,4.807927741511042
188,255,0.9250242945268183,3.077831193481149,2.1247250552315786,4.694572124883767
189,266,0.8865237552989035,3.608805598684591,2.596839645285108,5.716544385700668
190,257,0.9215731409902006,2.9283734883571784,2.136683436967063,4.60174297857939
191,246,0.9159171533759355,3.1334399808317923,2.226917295508181,5.044444344078192
192,253,0.922596198544525,3.152662354832127,2.322034782373359,5.106006544776596
193,240,0.9048820801032399,3.282980646048546,2.310189573786675,4.897291501396963
194,244,0.9126964564248838,3.2300304869273235,2.2822830012573756,5.228951930951686
195,248,0.9081126993382411,3.329629054977407,2.299274999010136,4.990690202508523
196,260,0.9106055530975253,3.168631146133699,2.1867283306119263,4.772066512545958
197,259,0.9083773648072955,3.1912803470445716,2.2576057979362334,4.809541414805995
198,264,0.9264117877400948,3.0381309043133973,2.1479012221419844,4.675913932950601
199,242,0.9252660060212384,3.0361402468736283,2.2183952973213428,4.891084421035643
