y_true,Concrete_Class,y_cb_standard,y_cb_group
32.2,15,30.442936551575418,37.85033899410312
25.4,15,28.26796586668686,34.22677408659082
27.0,15,26.61679887361825,33.682072764930666
32.2,15,34.91318263845581,40.70107123054213
26.4,15,27.325087088610413,34.44003941334309
30.5,15,32.593596311213105,35.72328672778164
25.7,15,27.23930899298102,35.28319739672192
28.1,15,28.10887182013401,36.39601608538861
29.1,15,29.107365805608847,35.170087262729034
22.355,15,26.70897315633265,33.706958879657535
28.657,15,29.811029874934807,34.925709926482625
21.96666666666667,15,30.437533950184193,33.7841831964689
29.93,15,30.537963780711678,36.46852294689551
28.02,15,30.283850462746702,35.207840113115886
26.67,15,29.265418142771207,33.75567006335454
31.64,15,28.603393723553907,34.54456978826026
35.03,15,35.46840872596404,38.253360396288045
40.55,15,39.18583201352812,41.70963066928119
38.22,15,34.99761779054618,38.35976642083504
31.25,15,32.37809893736922,33.767316843428375
38.98,15,35.93117107509134,37.91932342198005
37.94,15,36.18990777605494,38.70977563191219
36.7,15,35.87370089099719,41.01542313895146
29.73,15,31.863782046716008,33.25062043031794
35.72,15,36.06225393670392,37.65643887377888
33.92,15,37.3542119774771,36.75776783722992
32.35,15,33.61505038235809,34.170365910925184
34.62,15,35.79030825373325,37.703752748179454
24.21,15,29.551834309178656,33.55133012912758
26.8,15,30.103407004878438,34.02369758871593
29.92,15,25.176340442742173,34.341637247025105
34.49,15,31.620300839029788,34.55459873796665
31.21,15,30.28224565202667,33.0030329183336
36.27,15,37.23145066102088,38.48913784439028
34.49,15,31.07969493755788,32.77191139982827
35.72,15,33.38706959650304,37.33327276362138
31.19,15,30.973882131311964,35.17067284129233
35.35,15,35.47787671729543,39.77973893563467
25.72,15,23.08338223266306,32.342258249935625
31.67,15,33.693764866568344,36.592012063061055
31.18,15,31.25227460774631,37.20067052067225
29.4,15,26.507979443340712,33.74290010246589
23.3,15,28.088852637021922,32.12102034220864
35.35,15,34.98196601050615,39.00637398211574
35.35,15,34.93824484967841,39.34688805461914
27.3,15,28.084068266126604,33.44134128796868
36.6,15,31.85629593588072,38.339185139593326
37.0,15,35.537928947032064,38.62666865007833
34.1,15,31.38270229260691,36.592955946098186
30.8,15,30.28811857701868,33.15450842905768
29.2,15,27.50430226674893,33.01092736248576
28.2,15,26.739315201783683,32.96385056128427
33.3,15,32.043413231300946,39.82466491086283
28.4,15,30.595181205625998,33.87027194697771
29.6,15,35.278086846135636,37.718145327178384
26.48,15,31.78208594712842,35.06502085932868
38.21,20,34.80571650699366,34.1297647130848
35.2,20,33.62652821871772,36.87523992762221
45.2,20,42.84544580581117,44.488317478041324
36.166,20,38.817936036776246,38.01008671780165
40.192,20,39.22489365099523,42.625246701902256
38.476,20,36.26561660728059,40.9545220751907
37.365,20,36.90443742506848,38.75183555036874
32.551,20,36.0581115262602,39.33502477416366
28.922,20,37.081564039842974,41.30166617475596
36.375,20,32.519877191063316,38.887754128491196
37.59,20,35.36783724494379,38.956580198652794
34.65,20,38.29886914315115,40.379230297507256
34.22,20,34.45603524923958,37.94788260869821
36.8,20,33.06271295750362,37.06412549005168
36.7,20,36.240921185452045,38.43104251022474
46.2,25,46.335273352624604,44.964552452214264
55.5,25,46.23384364314961,44.18337386633509
57.4,25,53.04968580103815,48.96511343621146
61.1,25,50.31859033226303,49.20502588862155
60.2,25,56.1707828444182,49.643684462307284
55.7,25,50.593282549742746,45.78095962537632
57.3,25,56.69688353000738,49.011550795658124
60.7,25,52.939452330235376,52.902839101761096
52.7,25,54.335668753699146,51.05118543026299
51.0,25,54.62965006142391,49.42303303396959
45.3,25,42.12622339908394,42.36920030918563
53.0,25,50.24728487381444,50.734855260568246
45.5,25,46.73634652228248,44.360976778538095
45.5,25,46.12231715390181,44.97703611393686
37.9,25,37.48540136294466,39.20732209019102
38.8,25,37.479032756458814,40.92479694961658
47.1,25,46.85250100812835,45.92971495639358
47.7,25,51.857968697369266,50.64166668145397
57.0,25,56.80443366414811,51.83224618452605
57.2,25,52.99821925941068,52.25544330200823
49.6,25,50.600757681113954,47.26334241895475
53.6,25,56.56875505129935,52.60216953746864
46.5,25,46.01282828123462,42.78165647402358
43.3,25,43.63423552741268,42.57140220513156
43.8,25,44.22502822210303,41.65599344353362
41.89,25,42.05122961151516,41.44680376035813
40.2,25,41.3389891429172,39.303682755550234
38.1,25,39.28826442550311,39.77269116915787
38.2,25,38.651053287687084,39.391534709869624
39.6,25,38.56363177748838,38.79638637089852
35.0,25,37.31661896096707,40.56739547894075
43.9,25,41.563608124175005,40.041625585516115
38.81,25,37.93461039897304,41.27715986635788
42.0,25,39.928905198950076,40.10708526473728
27.0,25,31.21418369197609,38.0707608837941
45.0,25,39.885640535902674,42.30541108221111
36.1,25,39.5174698954969,41.143068989821195
45.13333333333333,25,42.371927129673395,41.88632824183079
41.53333333333333,25,40.823978886297546,41.029063275478016
40.69,25,39.096992151227376,42.32268562213898
38.6,25,43.911968142596535,42.213557899565465
45.7,25,44.513065014510644,44.13826301131492
39.01,25,35.67858043712385,41.44286783617075
48.85,25,43.6364031151475,43.66284893699565
42.91,25,44.75578722142117,43.56787981647744
30.1,25,34.048939524431376,41.65510701328958
47.92,25,45.37782995723271,43.53780410103211
39.68,25,38.46883425323783,43.297575941947755
39.13,25,38.317945252138166,41.85619981158185
49.68,25,46.86765541645617,46.7107868108984
35.07,25,36.887697638135236,41.62263424030359
51.72,25,48.90683665299663,47.34542281553333
49.88,25,45.41895956858023,46.67262167019471
43.81,25,47.06198206106116,45.124650678049704
51.81,25,51.15439006559009,49.72006357800427
49.46,25,51.295145412350145,47.230203524593755
53.35,25,55.40219902422881,50.16420309394809
37.94,25,40.18316864432613,41.47366906813528
50.88,25,50.07682653290302,48.47425614778365
47.63,25,45.78813145410591,43.69575370085777
47.48,25,48.58826697033191,45.727263549856914
51.63,25,51.160276802185734,47.85191837106503
38.64333333333334,25,38.71050755088303,41.870676005733245
39.81333333333333,25,38.880258451350485,41.8253010306348
39.586666666666666,25,41.39967685296499,42.65009165622682
39.79,25,41.1657599323918,42.690845779755776
38.44,25,40.479000944378996,41.54918737869713
42.93,25,43.65691429702101,44.518378851593496
44.58,25,41.516031830303604,41.88935548495569
30.42,25,30.044258574264628,39.44775300121845
32.02,25,33.479913272038985,41.03892756530942
43.22,25,44.731511855796725,46.977262712719686
51.26,25,49.46793190676783,48.051096027926945
48.67,25,48.95799218407368,49.66184188268595
46.67,25,46.3528527075773,48.93220182516495
38.82,25,39.698623272075366,42.89887396167101
41.2,25,41.14281504984134,42.277187840242625
48.67,25,34.91084219458543,41.21309012504693
46.67,25,39.719040659749616,40.70297765982628
38.82,25,40.897635112197996,41.3571342381573
41.2,25,37.88802079561435,39.32907602724979
41.15,25,41.4237378962427,41.39429879912143
41.15,25,39.942950394623395,44.48894819816181
43.25,25,42.25215185508381,41.19920766819564
43.25,25,42.56305134943478,42.52074080233497
34.9,25,35.40590610221605,41.55316793651432
42.8,25,43.2944725205296,42.117327940513846
42.8,25,43.22886380495662,43.308760535960424
46.5,25,46.21235500475535,42.979717999429276
44.9,25,46.83319242451852,43.70457444237417
44.3,25,44.26377693839442,42.97385016352993
35.8,25,35.92895655920216,41.02518281979769
43.35,25,42.051535927810946,42.56559020982935
40.5,25,34.98067290510751,41.380850337717895
34.5,25,38.73797259767147,40.80806392003722
31.7,25,39.87650427209135,41.7017008778502
40.6,25,41.944203309558745,43.31080532529745
35.6,25,41.910902600578495,43.40250776079559
40.5,25,38.48246972699131,41.919579891089484
32.3,25,31.994223808644065,40.79767748504436
37.7,25,40.62157673606717,43.54928405703113
40.5,25,35.54502374931494,39.64979407802961
34.5,25,31.955261518937338,40.54913065781511
31.7,25,36.364615307327476,41.37494491794947
40.6,25,42.099930292315335,42.94018306371494
35.6,25,41.826114094594345,41.42320285130897
40.5,25,38.311943763652415,40.493846164724765
44.9,25,44.433073341232316,44.368682529133096
44.3,25,44.36850365181091,44.103945789837
44.3,25,42.88327308258269,43.458781685049146
45.6,25,46.823548001964774,44.382659838395554
42.7,25,44.98197672635617,43.52014400143162
42.8,25,41.60815298338021,43.160187277518
44.0,25,44.318663380579295,43.601962509928214
36.9,25,39.495871485033405,40.49500611296798
39.2,25,40.49195015818612,40.54394426227397
43.7,25,48.06738376198482,46.3196837373459
46.0,25,46.9609922735522,44.47291293598564
42.7,25,46.525432110979665,44.55849466493177
46.7,25,44.21835152052567,44.79066930737265
39.7,25,39.432748518080814,42.583784550106216
43.4,25,43.47902991460407,42.91058057049837
45.6,25,40.17817887286994,41.509271269496054
38.3,25,40.822342283672675,43.43587140119433
47.0,25,50.17678039237459,47.6927856513133
42.93,25,44.45648406366816,43.9290489748992
44.58,25,40.92587623883134,41.8685967799767
42.8,25,42.45274543226654,41.89467859977988
46.5,25,46.12081498462471,42.67247551049958
43.35,25,43.062242150351516,42.59509482196349
40.6,25,41.4876698751893,43.09935789488456
40.5,25,38.11325830976544,40.72013819443285
44.9,25,44.75141159705528,43.79994187933387
44.3,25,45.70678158813733,44.172498960470435
30.42,25,31.252903867018198,39.645612634803115
32.02,25,32.38124974811949,40.97445021800784
43.22,25,44.829230725216874,46.62489968687475
51.26,25,47.96894481541184,45.87981453253607
48.67,25,50.157924164478146,49.376019487917496
46.67,25,46.66542666272835,48.420872865094125
38.82,25,39.32831598200009,42.87149899061955
41.2,25,40.99309515693729,42.16230554654034
41.2,25,34.524497308153165,41.31895194152968
48.67,25,51.3837343594991,48.84420643909728
46.67,25,43.78830156082559,45.48250109625268
38.82,25,45.15628897031146,42.0960188305942
41.15,25,40.95707609688432,41.59711758765619
41.15,25,40.37350982715739,44.552752846323386
43.25,25,41.89595466355502,41.20136967256119
34.9,25,35.84634568748336,41.53034741925569
42.8,25,42.7463254211525,43.169323274509125
38.44,25,40.72411608364956,42.04458539991609
42.93,25,44.37905540020245,43.16853014744657
35.8,25,36.2045734510088,41.238502591069924
43.35,25,44.11201893889262,41.91470936801646
38.44,25,39.409886295158714,42.7560539268984
42.93,25,44.08633977750478,42.7055201386584
44.58,25,43.65860568237938,43.014571106598694
30.42,25,32.34914399365786,41.84025918374256
32.02,25,30.61501250389474,40.65353879293563
32.02,25,33.45787571084665,41.31417424138545
31.3,25,34.254134419960494,40.877220285969194
34.6,25,37.25267459075516,41.99732132242726
38.0,25,39.9620167971574,42.0143861589142
39.1,25,39.618385800428335,41.53654375135017
38.44,25,40.765613540512824,41.87866428776327
48.67,25,48.520070260363354,49.80730688385159
43.35,25,41.94275923412535,41.63538514561589
38.44,25,40.72068223006673,42.22047110104758
44.58,25,43.5292113282001,42.42419257642656
30.42,25,33.57106356684124,40.53753850890202
32.02,25,31.764832705291106,41.35334119422423
30.42,25,32.71426791291613,41.61559681697516
31.3,25,32.85034150636737,40.79767748504436
34.6,25,28.464203481152907,41.49188753951756
28.0,25,29.60125811994682,39.42693277552662
29.1,25,30.36074049953355,39.53729654211867
51.26,25,48.22510690676599,46.126878116647234
46.67,25,46.44395468872608,48.93220182516495
41.2,25,34.91084219458543,41.21309012504693
41.15,25,40.76268606914165,40.09889275681899
43.25,25,39.98709993069786,42.10815969302459
43.25,25,38.52972132970963,41.08152195082028
43.25,25,42.005377604439104,42.20661114536827
35.8,25,40.44977337994545,40.03599366348814
43.35,25,43.359232071553755,43.10195821183177
42.93,25,43.53816219959978,43.576228997377356
46.67,25,45.606340614659594,45.645806263886904
44.58,25,42.78278571095253,42.86578783824771
43.22,25,47.990487367967,49.35970907439896
48.67,25,52.91574436811176,50.450397584121035
48.67,25,49.64539531013528,51.80174980718046
34.6,25,29.732580441116177,41.525832364466936
28.0,25,30.676386951920097,40.90654466511988
29.1,25,33.17873107114064,40.17357558142019
48.8,25,42.05794623284494,43.82466763146065
44.0,25,43.03242490020798,42.65858952907418
42.7,25,43.096136375346134,41.61695067370578
44.8,25,42.349314449471976,41.96231432700098
42.1,25,40.83991342556118,42.43202915314515
42.3,25,43.169148723610796,41.81965012238047
44.1,25,43.696221764184955,42.77517950292789
41.9,25,44.31853894814392,42.67171689503615
51.9,25,51.5810127095194,52.57615280594946
42.9,25,49.55013131664982,49.40610540167527
44.4,25,49.28716105211361,50.95272808460049
50.7,25,49.05656751714581,48.55937045225258
50.5,25,50.60506614406482,50.73935025270199
51.9,25,46.50167896720264,50.377923070283046
48.2,25,47.720225353107566,48.69228776441126
48.2,25,47.02146974960917,44.65647698353499
45.2,25,43.336436144362054,43.11542547827138
42.9,25,44.11166553678284,43.19114760267778
44.4,25,46.44507539438745,44.19537825805175
50.7,25,49.88198261408806,49.52615151377217
50.5,25,52.13607533458539,52.35829345200372
51.9,25,53.74613974862648,51.10056430691341
48.83,25,47.844427693746994,48.22576219730201
48.63,25,48.1870772456015,48.040307887341946
47.88,25,47.90358048843658,46.220684630262305
48.89,25,47.87611826202534,48.11301271670184
47.98,25,46.98890261591239,48.021320724930696
47.75,25,49.292800693341476,48.10658156341487
46.1,30,47.35151615432956,44.09065410570347
46.1,30,46.09675428172249,44.125921839204615
43.2,30,43.32039389916782,41.39728765555838
50.4,30,50.69392488618911,47.50154444137787
45.1,30,45.47424798726467,44.12032015001303
48.3,30,48.835103954534546,47.0136874369163
41.8,30,41.257352667301795,40.15828794667521
51.2,30,50.81882707784255,47.94651208453171
43.9,30,42.71899735166439,41.63231961637522
48.9,30,48.6169721601766,47.82174467155376
45.8,30,45.78020706835912,43.77106811757449
50.8,30,50.58522167667916,47.42069959577518
40.9,30,40.257793255631455,38.452898701691865
46.8,30,46.92390638329973,45.604711095025884
44.9,30,44.7721395898855,42.96192667284569
52.0,30,51.96346902846437,48.295818757074
42.5,30,41.78587003620974,40.001631745845984
49.5,30,49.613619883841096,46.89991050091987
43.4,30,43.77212756879638,42.37596260936157
53.2,30,52.57843153485965,48.80090202741154
46.3,30,47.236252315589994,44.5959148405296
41.6,30,42.73493864002577,40.4286608614029
49.0,30,49.09049786759634,47.474749874724075
47.1,30,46.89563999707063,45.64359744693206
40.2,30,40.29739750705178,40.091045557963604
52.4,30,52.14255865877771,48.07309672461129
43.3,30,42.89523015352174,40.955111850828764
50.0,30,49.53505403425348,47.46555930884698
45.4,30,44.788953843224824,43.49498048311676
48.0,30,47.52658211537251,46.664685625172005
54.0,30,53.61735774539352,50.11562463073633
42.0,30,41.816331206659896,39.91891810692637
50.3,30,49.75764511368164,47.35458613146041
44.0,30,43.21636823420621,41.60243716493037
46.2,30,46.7003639669419,45.02982690892443
53.6,30,52.871426526179455,49.2025132306107
45.0,30,45.339860612803854,43.83442979921006
51.0,30,50.33114738968269,47.8681764216367
39.8,30,39.68216241618461,40.171682115231896
47.5,30,47.89260919025079,46.72905733217651
52.8,30,53.99784439280299,49.49072305063753
45.7,30,46.21313483928791,43.35830865455897
49.6,30,50.1456506307583,47.02802128708172
42.2,30,41.93654780784703,40.15439246303703
52.2,30,52.40276713179845,48.24327065973605
44.3,30,44.48524241867757,42.32268149813244
46.7,30,46.82423729788644,45.7246052690819
41.5,30,41.77907843822646,39.404692822964606
53.8,30,53.25371960249462,49.77061243970758
45.2,30,45.3737162461017,43.69224908380352
50.5,30,50.54715988838495,48.86931579232989
61.1,35,52.98725055309527,52.31082128272277
65.5,35,59.13936091311881,55.557983938994894
53.2,35,56.747162288591745,51.313393059127684
52.7,35,56.68426734250487,54.667490990608016
48.6,35,53.600112485439396,54.06624495560524
48.2,35,43.36466741373383,43.959493121874885
49.8,35,51.70968878435488,48.59807793634908
49.4,35,48.18439517303426,50.323714244017296
49.4,35,48.30532555072584,49.531267783794405
54.6,35,54.17430313253257,53.939248636455105
53.1,35,55.1455310494727,52.75162047371438
49.69,35,49.310445828741976,49.23926472661131
48.5,35,46.30181939943956,48.31665188226794
51.4,35,52.16796437494395,49.187365311833
54.6,35,55.37636610496635,50.890118631530854
52.0,35,51.098856259856795,50.438967326699704
54.3,35,53.04277065492799,49.323912986176694
49.7,35,48.70356958459975,48.08218490940205
48.3,35,48.15996049340756,47.46454279919392
47.8,35,49.77940936266575,48.44430037610777
44.4,35,47.686705930607054,45.372820532118546
47.8,35,49.26550455146209,46.94236932400484
47.4,35,48.1172631061255,47.49791653700316
60.2,35,61.969667238087474,59.013230948363514
48.3,35,46.224070524048344,47.266404186816054
63.7,35,64.81442713870771,59.74798042612596
65.8,35,62.6092295586401,59.43947608262224
58.1,35,62.542787932809304,56.29591017703872
53.9,35,51.645083997154124,53.88696644549822
51.73,35,46.021629240647,48.8778819449782
67.3,35,55.43830985816989,56.67109418447848
67.1,35,63.86179024417993,58.45873148849935
68.7,35,61.69743482048892,58.48806064216956
61.1,35,53.62437500669797,49.45049483232786
58.5,35,62.31510671762117,56.26560087690098
65.9,35,57.498687422010995,58.14947937751866
64.0,35,56.82672094982021,54.4427692397531
52.5,35,47.35983791150211,48.32596303718658
48.3,35,45.06760767569207,51.22947402939468
62.3,35,60.709764927296845,56.62726990469247
60.6,35,64.67154201216351,57.16773154002578
57.3,35,60.97747706382107,55.86206288002673
62.5,35,60.72419414339606,55.12730550300153
59.7,35,60.026385003685604,55.082742879233955
55.4,35,58.81784527726773,53.94316714246519
52.8,35,53.74274963659944,51.18585522414309
53.7,35,55.75581369335482,54.88200875769133
54.1,35,58.7452229950745,55.59995513241545
52.1,35,51.98770850942523,50.74461139380351
58.9,35,59.39352242819976,54.999116563803945
41.8,35,43.46421689300811,43.98282895320155
43.3,35,47.35636240020282,46.73708129276181
46.853,35,49.36758254723838,50.933762503698155
40.586,35,45.2979322424121,46.83877364857556
50.166,35,51.96384973414728,53.968794529264045
38.817,35,40.760816621861565,42.354793241175415
52.863,35,50.239445378998276,55.339247818356135
51.155,35,49.34707590943524,52.770961984501355
50.744,35,51.18143468023939,55.81348276544307
47.189,35,54.72341983570188,56.253535857299894
52.822,35,49.79298455623029,54.34879432398887
53.64,35,53.061949167281796,56.391101087883065
51.02,35,53.28813897692296,57.45478507742244
49.25,35,51.82265400128185,54.018302864279434
54.23,35,57.609757309387916,59.96030379233421
64.94,35,59.85693206105118,60.572381234155216
62.49,35,61.749773031991644,59.51501174974746
61.71,35,56.83817722421189,58.041322004686165
61.98,35,63.00967949824385,63.18940616344037
58.43,35,57.491317488331944,60.973144356541624
58.43,35,54.64139770097478,59.1242405340156
59.11,35,58.31427250548289,58.82642051457659
56.76,35,50.21119739003778,52.67613674714208
58.45,35,61.14989082600315,59.4027130193167
49.72,35,52.566811211833766,52.5443263956478
49.72,35,41.26938879414994,43.60763881700815
38.17,35,46.25623766987635,44.124301614198124
51.2,35,54.01017391404706,58.430089515867365
38.82,35,38.827961741604916,46.57368145315363
55.23,35,53.41371932592925,58.33360609327279
51.2,35,53.439666421915526,57.37402733948621
38.82,35,44.16948679287898,46.46754933323721
48.21,35,51.65730850493237,54.38247826896902
61.53,35,60.37439868355534,60.03155417987604
52.65,35,54.764553307005016,56.620879535022155
61.53,35,61.156776512206115,60.85636185558058
47.2,35,50.02390391614469,53.09014466524236
52.55,35,52.08553528361995,53.71445817299393
51.95,35,53.56612756582779,56.55834497208497
48.0,35,49.96836271286072,55.47407872423686
46.0,35,46.54110420808208,55.492524730011226
56.0,35,53.175847324458346,56.22174215854997
57.3,35,52.34974021143274,54.40046322110997
50.1,35,44.51558149644108,55.290367597147146
45.6,35,53.08506264536926,53.974555066177565
56.0,35,48.471543701592296,52.92093490847631
57.3,35,51.929331330686104,55.66733409660994
53.1,35,49.2996414482944,45.33064480128607
44.1,35,47.30508821293866,51.36169350827991
46.7,35,50.615276713632255,56.207935528747086
46.6,35,49.407979500970235,49.184625231967345
41.6,35,50.32703918750504,50.82388456491865
52.3,35,53.584976234911,58.120569761194666
52.8,35,53.08434247957248,59.458149803523334
50.4,35,50.83885526619617,54.46564027415091
52.3,35,54.222994869402214,56.98791046031561
40.1,35,44.3561280339429,46.44102309000297
48.3,35,45.73477887843062,51.34740601671436
54.8,35,55.35380489740289,57.990774182954304
54.3,35,53.634203837354576,61.60689712746254
54.3,35,54.061488646562054,54.55392060742637
51.9,35,50.9548161195572,54.15993068778497
50.3,35,50.479086069154384,55.90546366429304
49.3,35,51.97468037375671,53.28037377311244
48.3,35,51.66145602320976,53.58304440596902
46.9,35,47.06146719090098,52.6195334854158
55.9,35,54.52577716104601,56.193038902882705
54.7,35,53.68990459581871,57.17286091722538
54.9,35,46.59756354774523,53.18218293993079
54.4,35,50.39868825386402,55.991247207335626
52.2,35,56.976302234218494,57.83442350241807
55.8,35,54.975539135598446,56.67283399855195
55.9,35,54.081072492084644,55.69297770758604
54.7,35,54.26763363755436,55.65145045416681
56.1,35,54.62022764271378,57.26999677666245
52.0,35,51.67267610831157,61.233123376109745
54.3,35,50.465943631627276,57.1178601901519
50.1,35,48.995851618106954,55.47208429187026
56.0,35,54.169246284917776,53.27080456189255
57.3,35,53.13726789516603,56.36559561054126
53.1,35,45.95375264471647,45.33183119492624
52.3,35,52.756627736690874,59.66272181221444
52.8,35,52.628111856808566,60.85815957258232
50.4,35,50.46868991035277,54.715895625015854
54.8,35,55.83491918358159,58.25313733520785
54.3,35,54.210379994915066,63.00443575006035
54.3,35,54.70143464087134,55.27987992130221
51.9,35,52.64086325561367,54.641556052702555
50.3,35,50.915867928792025,56.19413477389601
52.4,35,52.23320059686904,54.14474276613942
51.9,35,53.412502329084504,55.47410931032626
49.6,35,43.07354000555641,46.63262695636838
51.2,35,51.242682373777804,57.006912110156364
38.82,35,40.778112982602586,46.486048109503784
50.3,35,49.01890292381686,54.38509956252217
52.4,35,52.4079443123066,55.189968822511496
48.21,35,51.51510757271774,54.18333960241738
61.53,35,60.25877399969791,59.1946520688101
52.65,35,54.74675525140631,55.72471459346012
48.0,35,51.912519765421536,55.297970744867406
47.2,35,49.05647664246527,52.56932032387636
52.55,35,49.11233055836407,53.43057475253597
51.95,35,52.31196203679133,56.51216573712958
48.0,35,50.7453097699598,55.18306033815317
46.0,35,48.182265417192355,55.51150416583866
52.55,35,53.50341351115824,55.226215601256925
51.95,35,54.05818932539514,54.605968224692695
43.4,35,50.17634873959187,55.290367597147146
44.1,35,42.287116125828405,49.348054837971354
40.9,35,44.87161932466906,49.79741826798864
44.0,35,44.8884484642375,52.785706144741376
44.3,35,50.25149773801447,51.47828913459299
44.3,35,51.805845291791485,51.31991680253179
45.17,35,44.64636486947178,47.47937585432293
51.2,35,50.66142676672434,56.25828057762563
38.82,35,40.79070264629191,49.07996215105968
48.21,35,50.50032350021843,54.38509956252217
61.53,35,64.50200693120374,60.82599596913195
55.23,35,55.03426868324635,57.75210074195857
47.2,35,51.60688155176616,54.33111891223475
52.55,35,52.02909228900008,53.243111466342015
44.1,35,46.42380874594372,52.919995269651466
44.3,35,48.16457573168251,47.98544962031606
44.3,35,47.43680077063616,46.51985528768155
45.17,35,50.4688410524815,53.028046930748324
51.2,35,44.53234099354488,49.11365650959994
38.82,35,41.76315372768359,48.24667513041365
52.51,35,47.1643926067125,52.45208737321275
57.84,35,53.288623755184055,56.699038150606015
52.65,35,54.965440200241254,56.71729161325307
57.84,35,55.579070272098846,57.417045769771946
57.49,35,54.8602068139853,55.25434942580981
49.8,35,44.51558149644108,55.290367597147146
53.4,35,47.1320510515704,53.974555066177565
40.9,35,43.58188061865269,48.089875183009106
44.0,35,46.410326690298696,53.1550590646981
44.3,35,50.16919163363186,50.77210746614733
57.84,35,59.16413793331573,53.85341096213461
57.84,35,56.654987868313306,51.26714388962431
51.5,35,52.33535921026762,50.557654243539986
51.1,35,51.892287532555514,51.003914624845635
62.4,35,61.61823500522626,56.73336396660359
62.2,35,62.42437206593059,54.78033837875179
56.8,35,55.0761090754162,54.04417801243165
52.51,35,52.7564657275325,51.449053360573686
57.84,35,57.114094696480024,53.8080287116524
57.49,35,57.09158198612977,52.88284593453104
60.3,40,62.437354533529785,63.33013109266294
49.8,40,49.73423703976419,47.593071416294826
53.4,40,56.984361967440975,52.795164791356314
58.1,40,61.55098217596512,60.13754567937222
57.3,40,61.92624607629321,59.48098479677937
63.2,40,64.69903746946028,61.57278004943376
64.7,40,60.49921613927661,56.63919463914781
41.9,40,50.94122804090731,51.174308568293554
59.6,40,59.19794859334089,57.518784792482855
69.0,40,68.274289761246,63.58867365965801
69.0,40,66.46836136128844,62.42358369847187
69.0,40,67.06333599600984,64.00680195686523
62.7,40,58.943638508494345,57.08047707105
65.1,40,52.92535360912319,52.62871176376163
65.6,40,68.31743058400477,66.04598385511763
69.4,40,66.66541504791374,65.31905045936094
68.2,40,65.60771235273525,62.77238414506264
68.8,40,66.9545626456061,63.81592624444926
64.7,40,66.20330599524578,60.96631225548406
68.7,40,64.77495292864664,62.2060652230256
68.6,40,64.68551187892663,63.568945245105574
67.7,40,66.8824233263714,62.96683550310933
64.1,40,68.12029404921053,63.430497416468604
69.0,40,62.79427674108934,62.670736117126495
56.4,40,62.49847157453614,56.712631048235714
62.2,40,62.55151201323843,61.091279991086125
59.7,40,58.71925489318459,57.45719844262473
59.6,40,58.27805883703331,58.20551889339162
68.4,40,56.46466748035988,57.43567425696151
61.6,40,63.56796278646509,63.11935255115546
63.0,40,62.673903971150736,59.694557046006366
57.1,40,59.48096220118814,59.10762357738158
58.7,40,60.06718686353335,59.57356788010748
58.9,40,56.11861771693973,58.88637928182658
59.4,40,60.940909067045354,59.68503916201405
58.7,40,58.908470914525026,57.35728380755859
54.2,40,60.513387324599115,58.80391711769292
57.5,40,56.091031300246385,56.365805884728175
57.5,40,55.63311474609218,57.82144235084627
42.3,40,49.608665125318886,46.43179129063314
61.76,40,62.21648199728646,60.727434635413495
65.25,40,63.70247535788045,60.76833278087871
48.2,40,55.347582827597,54.7567266114084
53.4,40,49.08336745045029,52.56193368447294
59.8,40,60.39435216678712,59.80540417220297
56.8,40,55.8485880579599,54.19743647301568
58.6,40,57.2858504204591,58.007699751839404
62.3,45,60.85379477281528,62.67273081955487
57.2,45,59.79601335034509,59.064862346858625
64.5,45,62.91909727056964,61.21651615911881
67.7,45,70.01724005283191,66.15520684213925
69.6,45,69.01044951392419,67.02875796662794
56.24,45,56.726807528784704,55.22218715219942
60.2,45,62.128651886987285,64.28516558640949
69.6,45,68.56977484314442,67.27447750103653
69.5,45,65.52969094077295,65.30782137505695
55.9,45,54.91938616822518,63.77770691412901
61.4,45,61.36058687197945,60.660275027412474
69.0,45,68.51018962162922,66.49760718859577
69.3,45,69.13644950135463,64.84453115075037
59.3,45,62.65381592894039,65.32272616745124
50.3,45,50.248830205100454,52.31205449051907
68.8,45,68.53806061952012,64.69441221261428
66.2,45,64.61846424547943,64.88437682437558
63.9,45,67.69899213468399,65.71055181996184
68.9,45,67.79592975395136,65.84599100304794
65.4,45,65.85583961853126,65.312868035472
62.7,45,62.89187706782991,62.497065280654716
54.2,45,54.381720439873206,53.195626544065675
67.2,45,64.71248371795342,65.45121447341708
50.7,45,55.20124343946338,55.09756269393061
48.6,45,49.81004540576811,53.11487801917525
45.4,45,49.53578290597513,53.616678291932516
51.8,45,47.44056951206384,55.49417627077203
64.9,45,53.272459783221144,56.38391489116076
55.7,45,47.00008807680141,45.657743734276714
57.0,45,60.208738483763916,60.255005137907865
50.3,45,54.31252689882406,52.262438883154
54.2,45,49.73723302253901,47.94132788567483
53.8,45,52.921424957564014,54.0575049223422
55.1,45,60.50206425710671,59.1703816381586
58.9,45,52.0038125499492,54.987846519311475
62.6,45,63.85412273336982,63.42319152160307
60.1,45,64.3305919770386,61.815744448862496
60.7,45,61.307340263915734,62.07943664183984
62.0,45,67.33259715853389,63.43242168700951
61.8,45,63.76967667848321,64.07041372704151
62.4,45,63.75325054109219,63.98568641755766
62.5,45,58.73620831562391,59.90713425564385
60.5,45,60.67290625859262,61.81513314032899
59.7,45,62.70827246303267,63.273390760959856
61.8,45,59.70261812618313,63.364524107798246
62.4,45,62.17590746035997,65.0107540886939
45.8,45,49.41864871539123,55.49417627077203
48.6,45,57.41031584108174,51.936500532570875
48.8,45,48.467479482920176,55.49417627077203
45.4,45,57.89281036819967,52.5103541676212
47.8,45,48.63183037133887,55.49417627077203
69.6,45,67.48601328044354,61.12231709082979
69.3,45,69.11917052385023,64.84453115075037
62.3,50,66.03840362282065,64.35220272422175
69.6,50,68.08681495789615,63.571140094243646
69.6,50,67.19832949240507,65.07768057786808
68.2,50,69.38692708408173,64.44011171662474
64.1,50,63.784568608736365,66.75829896528933
72.4,50,73.1319486122018,64.30572164937666
61.7,50,61.48287797734412,65.38877650596532
66.9,50,67.72195220028068,64.04337845493512
71.5,50,70.90176130117554,66.74242387585528
63.5,50,63.631004760965716,64.0524451328593
73.2,50,73.1009259612047,66.72136943914163
60.2,50,60.58837010560888,62.50259465905409
65.4,50,65.2479737138795,66.48475924662037
69.8,50,70.03873284939482,63.5421909346246
62.9,50,63.00073253397094,65.15844668448727
74.6,50,73.97502050386605,64.09029902818332
59.4,50,60.507750206036064,64.0365820314877
71.0,50,70.72522057142356,64.27303306331723
67.1,50,66.73387121520491,65.555685543241
66.4,50,67.56733796457726,64.1225080128155
64.8,50,64.61603037804754,65.2225897694367
75.2,50,74.51090568065983,64.15917288303802
58.7,50,59.36684634549434,64.11922882492594
70.5,50,69.26550170566819,63.32543706466036
69.0,50,68.78482465019495,65.75062673533617
63.1,50,63.75258345688363,63.98519594103677
66.0,50,66.99545309804198,66.9048007577734
73.8,50,73.69259517010552,64.11951222829227
61.2,50,60.85122713796584,63.5473677865626
68.5,50,68.13531436437242,64.45917640282454
63.9,50,64.26268956617494,65.26354138482124
74.9,50,74.20310363701006,64.7730849124948
67.8,50,66.66702521249907,65.39585033570063
69.9,50,69.7657446741814,63.754664478810696
59.1,50,59.57986374981236,64.0365820314877
65.9,50,66.71628101722601,63.88773857489382
62.4,50,62.23904429383593,64.08588103450225
74.1,50,74.58756373850636,63.964056387749125
66.7,50,66.64572155027588,65.83743584864196
60.6,50,60.661944605133,62.91115147665957
65.2,50,65.08275884194333,64.96816342188365
